aidx;assay_category;assay_cell_type;assay_chembl_id;assay_classifications;assay_organism;assay_parameters;assay_strain;assay_subcellular_fraction;assay_tax_id;assay_test_type;assay_tissue;assay_type;assay_type_description;bao_format;bao_label;cell_chembl_id;confidence_description;confidence_score;description;document_chembl_id;relationship_description;relationship_type;src_assay_id;src_id;target_chembl_id;tissue_chembl_id;variant_sequence
1325851;;;CHEMBL4810136;[];Macaca fascicularis;[];;;9541.0;;;A;ADME;BAO_0000218;organism-based format;;Default value - Target unknown or has yet to be assigned;0;Clearance in cynomolgus monkey at 2 mg/kg, po or 0.5 mg/kg, iv administered as cassette dose measured after 24 hrs relative to hepatic blood flow;CHEMBL4808209;Default value - Target has yet to be curated;U;;1;CHEMBL612558;;
1325635;;KATO III stomach cancer cell line;CHEMBL4810143;[];Homo sapiens;[];;;9606.0;;;B;Binding;BAO_0000221;tissue-based format;;Default value - Target unknown or has yet to be assigned;0;Inhibition of phosphorylated FGFR2alpha in human KATO III stomach cancer cell line spiked in human whole blood incubated for 4 hrs by ELISA;CHEMBL4808209;Default value - Target has yet to be curated;U;;1;CHEMBL612545;;
1325643;;;CHEMBL4810144;[];;[];;;;;;P;Physicochemical;BAO_0000100;small-molecule physicochemical format;;Default value - Target unknown or has yet to be assigned;0;Solubility of the compound in FaSSIF by HPLC analysis;CHEMBL4808209;Default value - Target has yet to be curated;U;;1;CHEMBL2362975;;
1325660;;;CHEMBL4810147;[];;[];;;;;;P;Physicochemical;BAO_0000100;small-molecule physicochemical format;;Default value - Target unknown or has yet to be assigned;0;Solubility of the compound in simulated gastric fluid;CHEMBL4808209;Default value - Target has yet to be curated;U;;1;CHEMBL2362975;;
1325688;;;CHEMBL4810149;[];Rattus norvegicus;[];Sprague-Dawley;;10116.0;;;A;ADME;BAO_0000218;organism-based format;;Default value - Target unknown or has yet to be assigned;0;Clearance in Sprague-Dawley rat at 2 mg/kg, po or 1 mg/kg, iv administered as cassette dose measured after 24 hrs relative to hepatic blood flow;CHEMBL4808209;Default value - Target has yet to be curated;U;;1;CHEMBL612558;;
1325691;;;CHEMBL4810150;[];Rattus norvegicus;[];Sprague-Dawley;;10116.0;;;A;ADME;BAO_0000218;organism-based format;;Default value - Target unknown or has yet to be assigned;0;Volume of distribution at steady state in Sprague-Dawley rat at 2 mg/kg, po or 1 mg/kg, iv administered as cassette dose measured after 24 hrs;CHEMBL4808209;Default value - Target has yet to be curated;U;;1;CHEMBL612558;;
1325695;;;CHEMBL4810151;[];Rattus norvegicus;[];Sprague-Dawley;;10116.0;;;A;ADME;BAO_0000218;organism-based format;;Default value - Target unknown or has yet to be assigned;0;Half life in Sprague-Dawley rat at 2 mg/kg, po or 1 mg/kg, iv administered as cassette dose measured after 24 hrs;CHEMBL4808209;Default value - Target has yet to be curated;U;;1;CHEMBL612558;;
1325697;;;CHEMBL4810152;[];Rattus norvegicus;[];Sprague-Dawley;;10116.0;;;A;ADME;BAO_0000218;organism-based format;;Default value - Target unknown or has yet to be assigned;0;AUC in Sprague-Dawley rat at 2 mg/kg, po or 1 mg/kg, iv administered as cassette dose measured after 24 hrs;CHEMBL4808209;Default value - Target has yet to be curated;U;;1;CHEMBL612558;;
1325698;;;CHEMBL4810153;[];Rattus norvegicus;[];Sprague-Dawley;;10116.0;;;A;ADME;BAO_0000218;organism-based format;;Default value - Target unknown or has yet to be assigned;0;Oral bioavailability in Sprague-Dawley rat at 2 mg/kg administered as cassette dose measured after 24 hrs;CHEMBL4808209;Default value - Target has yet to be curated;U;;1;CHEMBL612558;;
1325706;;;CHEMBL4810158;[];Macaca fascicularis;[];;;9541.0;;;A;ADME;BAO_0000218;organism-based format;;Default value - Target unknown or has yet to be assigned;0;Oral bioavailability in cynomolgus monkey at 2 mg/kg administered as cassette dose measured after 24 hrs;CHEMBL4808209;Default value - Target has yet to be curated;U;;1;CHEMBL612558;;
1325852;;;CHEMBL4810159;[];Macaca fascicularis;[];;;9541.0;;;A;ADME;BAO_0000218;organism-based format;;Default value - Target unknown or has yet to be assigned;0;Volume of distribution at steady state in cynomolgus monkey at 2 mg/kg, po or 0.5 mg/kg, iv administered as cassette dose measured after 24 hrs;CHEMBL4808209;Default value - Target has yet to be curated;U;;1;CHEMBL612558;;
1325853;;;CHEMBL4810160;[];Macaca fascicularis;[];;;9541.0;;;A;ADME;BAO_0000218;organism-based format;;Default value - Target unknown or has yet to be assigned;0;Half life in cynomolgus monkey at 2 mg/kg, po or 0.5 mg/kg, iv administered as cassette dose measured after 24 hrs;CHEMBL4808209;Default value - Target has yet to be curated;U;;1;CHEMBL612558;;
1325854;;;CHEMBL4810161;[];Macaca fascicularis;[];;;9541.0;;;A;ADME;BAO_0000218;organism-based format;;Default value - Target unknown or has yet to be assigned;0;AUC in cynomolgus monkey at 2 mg/kg, po or 0.5 mg/kg, iv administered as cassette dose measured after 24 hrs;CHEMBL4808209;Default value - Target has yet to be curated;U;;1;CHEMBL612558;;
1325859;;;CHEMBL4810166;[];Homo sapiens;[];;;9606.0;;;B;Binding;BAO_0000019;assay format;;Direct single protein target assigned;9;Inhibition of human ERG at 5 uM by patch clamp method relative to control;CHEMBL4808209;Direct protein target assigned;D;;1;CHEMBL240;;
1325860;;;CHEMBL4810167;[];Homo sapiens;[];;Microsomes;9606.0;;Liver;A;ADME;BAO_0000251;microsome format;;Direct single protein target assigned;9;Inhibition of CYP1A2 in human liver microsomes using 7-ethoxyresorufin as substrate substrate in presence of NADPH by LC-MS/MS analysis;CHEMBL4808209;Direct protein target assigned;D;;1;CHEMBL3356;CHEMBL3559723;
1325861;;;CHEMBL4810168;[];Homo sapiens;[];;Microsomes;9606.0;;Liver;A;ADME;BAO_0000251;microsome format;;Direct single protein target assigned;9;Inhibition of CYP2B6 in human liver microsomes using bupropion as substrate substrate in presence of NADPH by LC-MS/MS analysis;CHEMBL4808209;Direct protein target assigned;D;;1;CHEMBL4729;CHEMBL3559723;
1325862;;;CHEMBL4810169;[];Homo sapiens;[];;Microsomes;9606.0;;Liver;A;ADME;BAO_0000251;microsome format;;Direct single protein target assigned;9;Inhibition of CYP2C8 in human liver microsomes using amodiaquine as substrate substrate in presence of NADPH by LC-MS/MS analysis;CHEMBL4808209;Direct protein target assigned;D;;1;CHEMBL3721;CHEMBL3559723;
1325863;;;CHEMBL4810170;[];Homo sapiens;[];;Microsomes;9606.0;;Liver;A;ADME;BAO_0000251;microsome format;;Direct single protein target assigned;9;Inhibition of CYP2C9 in human liver microsomes using diclofenac as substrate substrate in presence of NADPH by LC-MS/MS analysis;CHEMBL4808209;Direct protein target assigned;D;;1;CHEMBL3397;CHEMBL3559723;
1325864;;;CHEMBL4810171;[];Homo sapiens;[];;Microsomes;9606.0;;Liver;A;ADME;BAO_0000251;microsome format;;Direct single protein target assigned;9;Inhibition of CYP2C19 in human liver microsomes using s-mephenytoin as substrate substrate in presence of NADPH by LC-MS/MS analysis;CHEMBL4808209;Direct protein target assigned;D;;1;CHEMBL3622;CHEMBL3559723;
1325865;;;CHEMBL4810172;[];Homo sapiens;[];;Microsomes;9606.0;;Liver;A;ADME;BAO_0000251;microsome format;;Direct single protein target assigned;9;Inhibition of CYP2D6 in human liver microsomes using bufuralol as substrate substrate in presence of NADPH by LC-MS/MS analysis;CHEMBL4808209;Direct protein target assigned;D;;1;CHEMBL289;CHEMBL3559723;
1325866;;;CHEMBL4810173;[];Homo sapiens;[];;Microsomes;9606.0;;Liver;A;ADME;BAO_0000251;microsome format;;Direct single protein target assigned;9;Inhibition of CYP3A4 in human liver microsomes using midazolam or testosterone as substrate substrate in presence of NADPH by LC-MS/MS analysis;CHEMBL4808209;Direct protein target assigned;D;;1;CHEMBL340;CHEMBL3559723;
1325876;;;CHEMBL4810183;[];Homo sapiens;[];;;9606.0;;Plasma;A;ADME;BAO_0000366;cell-free format;;Default value - Target unknown or has yet to be assigned;0;Protein binding in human plasma assessed as free fraction measured after 2 hrs by LC-MS/MS analysis;CHEMBL4808209;Default value - Target has yet to be curated;U;;1;CHEMBL612558;CHEMBL3559721;
1325877;;;CHEMBL4810184;[{'assay_class_id': 115, 'bao_id': None, 'class_type': 'In vivo efficacy', 'l1': 'ANTINEOPLASTIC AND IMMUNOMODULATING AGENTS', 'l2': 'Neoplasm Oncology Models', 'l3': 'Neoplasms', 'source': 'phenotype'}, {'assay_class_id': 119, 'bao_id': None, 'class_type': 'In vivo efficacy', 'l1': 'ANTINEOPLASTIC AND IMMUNOMODULATING AGENTS', 'l2': 'Xenograft Oncology Models', 'l3': 'Xenograft Models of Anti-Tumor Assays', 'source': 'phenotype'}];Mus musculus;[];;;10090.0;;;F;Functional;BAO_0000218;organism-based format;;Direct single protein target assigned;9;In vivo inhibition of FGFR2 in po dosed SCID mouse xenografted with human KATO III stomach cancer cell line administered as single dose and measured after 4 hrs;CHEMBL4808209;Direct protein target assigned;D;;1;CHEMBL3648;;
1325878;;KATO III stomach cancer cell line;CHEMBL4810185;[];Homo sapiens;[];;;9606.0;;;F;Functional;BAO_0000218;organism-based format;CHEMBL3308432;Default value - Target unknown or has yet to be assigned;0;Antitumor activity against human KATO III stomach cancer cell line xenografted in po dosed SCID mouse assessed as tumor growth inhibition administered once daily for 10 days;CHEMBL4808209;Default value - Target has yet to be curated;U;;1;CHEMBL612545;;
1325879;;KATO III stomach cancer cell line;CHEMBL4810186;[];Homo sapiens;[];;;9606.0;;;F;Functional;BAO_0000218;organism-based format;CHEMBL3308432;Default value - Target unknown or has yet to be assigned;0;Antitumor activity against human KATO III stomach cancer cell line xenografted in SCID mouse assessed as tumor growth inhibition at 0.3 mg/kg, po administered once daily for 10 days;CHEMBL4808209;Default value - Target has yet to be curated;U;;1;CHEMBL612545;;
1325880;;;CHEMBL4810187;[];Mus musculus;[];;;10090.0;;;T;Toxicity;BAO_0000218;organism-based format;;Default value - Target unknown or has yet to be assigned;0;Toxicity in SCID mouse xenografted with human KATO III stomach cancer cell line assessed as effect on boy weight at 0.03 to 1 mg/kg, po administered once daily for 10 days;CHEMBL4808209;Default value - Target has yet to be curated;U;;1;CHEMBL612558;;
1325881;;;CHEMBL4810188;[];Mus musculus;[];;;10090.0;;;T;Toxicity;BAO_0000218;organism-based format;;Default value - Target unknown or has yet to be assigned;0;Toxicity in SCID mouse xenografted with human KATO III stomach cancer cell line assessed as drug tolerance at 0.03 to 1 mg/kg, po administered once daily for 10 days;CHEMBL4808209;Default value - Target has yet to be curated;U;;1;CHEMBL612558;;
1325882;;;CHEMBL4810189;[];Homo sapiens;[];;;9606.0;;;A;ADME;BAO_0000019;assay format;;Default value - Target unknown or has yet to be assigned;0;Inhibition of human adenosine transporter at 0.1 to 1 uM;CHEMBL4808209;Default value - Target has yet to be curated;U;;1;CHEMBL612545;;
1325883;;;CHEMBL4810190;[];Homo sapiens;[];;;9606.0;;;A;ADME;BAO_0000357;single protein format;;Direct single protein target assigned;9;Inhibition of adenosine A1 receptor (unknown origin) at 0.1 to 1 uM;CHEMBL4808209;Direct protein target assigned;D;;1;CHEMBL226;;
1325884;;;CHEMBL4810191;[];Homo sapiens;[];;;9606.0;;;A;ADME;BAO_0000357;single protein format;;Direct single protein target assigned;9;Inhibition of human adenosine A2A receptor at 0.1 to 1 uM;CHEMBL4808209;Direct protein target assigned;D;;1;CHEMBL251;;
1325885;;;CHEMBL4810192;[];Homo sapiens;[];;;9606.0;;;A;ADME;BAO_0000357;single protein format;;Direct single protein target assigned;9;Inhibition of adrenergic alpha 1A receptor (unknown origin) at 0.1 to 1 uM;CHEMBL4808209;Direct protein target assigned;D;;1;CHEMBL229;;
1325886;;;CHEMBL4810193;[];Homo sapiens;[];;;9606.0;;;A;ADME;BAO_0000357;single protein format;;Direct single protein target assigned;9;Inhibition of adrenergic alpha 2A receptor (unknown origin) at 0.1 to 1 uM;CHEMBL4808209;Direct protein target assigned;D;;1;CHEMBL1867;;
1325887;;;CHEMBL4810194;[];Homo sapiens;[];;;9606.0;;;A;ADME;BAO_0000357;single protein format;;Direct single protein target assigned;9;Inhibition of human adrenergic alpha 2C receptor at 0.1 to 1 uM;CHEMBL4808209;Direct protein target assigned;D;;1;CHEMBL1916;;
1325888;;;CHEMBL4810195;[];Homo sapiens;[];;;9606.0;;;A;ADME;BAO_0000357;single protein format;;Direct single protein target assigned;9;Inhibition of human adrenergic beta 1 receptor at 0.1 to 1 uM;CHEMBL4808209;Direct protein target assigned;D;;1;CHEMBL213;;
1325889;;;CHEMBL4810196;[];Homo sapiens;[];;;9606.0;;;A;ADME;BAO_0000357;single protein format;;Direct single protein target assigned;9;Inhibition of human adrenergic beta 2 receptor at 0.1 to 1 uM;CHEMBL4808209;Direct protein target assigned;D;;1;CHEMBL210;;
1325890;;;CHEMBL4810197;[];Homo sapiens;[];;;9606.0;;;A;ADME;BAO_0000357;single protein format;;Direct single protein target assigned;9;Inhibition of dopamine transporter (unknown origin) at 0.1 to 1 uM;CHEMBL4808209;Direct protein target assigned;D;;1;CHEMBL238;;
1325891;;;CHEMBL4810198;[];Homo sapiens;[];;;9606.0;;;A;ADME;BAO_0000357;single protein format;;Direct single protein target assigned;9;Inhibition of human dopamine D1 receptor at 0.1 to 1 uM;CHEMBL4808209;Direct protein target assigned;D;;1;CHEMBL2056;;
1325892;;;CHEMBL4810199;[];Homo sapiens;[];;;9606.0;;;A;ADME;BAO_0000357;single protein format;;Direct single protein target assigned;9;Inhibition of human dopamine D2S receptor at 0.1 to 1 uM;CHEMBL4808209;Direct protein target assigned;D;;1;CHEMBL217;;
1325893;;;CHEMBL4810200;[];Homo sapiens;[];;;9606.0;;;A;ADME;BAO_0000357;single protein format;;Direct single protein target assigned;9;Inhibition of dopamine D3 receptor (unknown origin) at 0.1 to 1 uM;CHEMBL4808209;Direct protein target assigned;D;;1;CHEMBL234;;
1325894;;;CHEMBL4810201;[];Homo sapiens;[];;;9606.0;;;A;ADME;BAO_0000357;single protein format;;Direct single protein target assigned;9;Inhibition of histamine H1 receptor (unknown origin) at 0.1 to 1 uM;CHEMBL4808209;Direct protein target assigned;D;;1;CHEMBL231;;
1325895;;;CHEMBL4810202;[];Homo sapiens;[];;;9606.0;;;A;ADME;BAO_0000357;single protein format;;Direct single protein target assigned;9;Inhibition of histamine H2 receptor (unknown origin) at 0.1 to 1 uM;CHEMBL4808209;Direct protein target assigned;D;;1;CHEMBL1941;;
1325896;;;CHEMBL4810203;[];Homo sapiens;[];;;9606.0;;;A;ADME;BAO_0000357;single protein format;;Direct single protein target assigned;9;Inhibition of histamine H3 receptor (unknown origin) at 0.1 to 1 uM;CHEMBL4808209;Direct protein target assigned;D;;1;CHEMBL264;;
1325897;;;CHEMBL4810204;[];Homo sapiens;[];;;9606.0;;;A;ADME;BAO_0000357;single protein format;;Direct single protein target assigned;9;Inhibition of human muscarinic M1 receptor at 0.1 to 1 uM;CHEMBL4808209;Direct protein target assigned;D;;1;CHEMBL216;;
1325898;;;CHEMBL4810205;[];Homo sapiens;[];;;9606.0;;;A;ADME;BAO_0000357;single protein format;;Direct single protein target assigned;9;Inhibition of human muscarinic M2 receptor at 0.1 to 1 uM;CHEMBL4808209;Direct protein target assigned;D;;1;CHEMBL211;;
1325899;;;CHEMBL4810206;[];Homo sapiens;[];;;9606.0;;;A;ADME;BAO_0000357;single protein format;;Direct single protein target assigned;9;Inhibition of human muscarinic M3 receptor at 0.1 to 1 uM;CHEMBL4808209;Direct protein target assigned;D;;1;CHEMBL245;;
1325900;;;CHEMBL4810207;[];Homo sapiens;[];;;9606.0;;;A;ADME;BAO_0000357;single protein format;;Direct single protein target assigned;9;Inhibition of human muscarinic M4 receptor at 0.1 to 1 uM;CHEMBL4808209;Direct protein target assigned;D;;1;CHEMBL1821;;
1325901;;;CHEMBL4810208;[];Homo sapiens;[];;;9606.0;;;A;ADME;BAO_0000357;single protein format;;Direct single protein target assigned;9;Inhibition of human muscarinic M5 receptor at 0.1 to 1 uM;CHEMBL4808209;Direct protein target assigned;D;;1;CHEMBL2035;;
1325902;;;CHEMBL4810209;[];Homo sapiens;[];;;9606.0;;;A;ADME;BAO_0000223;protein complex format;;Multiple direct protein targets may be assigned;5;Inhibition of neuronal nicotinic receptor (unknown origin) at 0.1 to 1 uM;CHEMBL4808209;Direct protein target assigned;D;;1;CHEMBL4804182;;
1325903;;;CHEMBL4810210;[];Homo sapiens;[];;;9606.0;;;A;ADME;BAO_0000357;single protein format;;Direct single protein target assigned;9;Inhibition of norepinephrine transporter (unknown origin) at 0.1 to 1 uM;CHEMBL4808209;Direct protein target assigned;D;;1;CHEMBL222;;
1325904;;;CHEMBL4810211;[];Homo sapiens;[];;;9606.0;;;A;ADME;BAO_0000357;single protein format;;Direct single protein target assigned;9;Inhibition of human delta opioid receptor at 0.1 to 1 uM;CHEMBL4808209;Direct protein target assigned;D;;1;CHEMBL236;;
1325905;;;CHEMBL4810212;[];Homo sapiens;[];;;9606.0;;;A;ADME;BAO_0000357;single protein format;;Direct single protein target assigned;9;Inhibition of human mu opioid receptor at 0.1 to 1 uM;CHEMBL4808209;Direct protein target assigned;D;;1;CHEMBL233;;
1325906;;;CHEMBL4810213;[];Homo sapiens;[];;;9606.0;;;A;ADME;BAO_0000357;single protein format;;Direct single protein target assigned;9;Inhibition of serotonin transporter (unknown origin) at 0.1 to 1 uM;CHEMBL4808209;Direct protein target assigned;D;;1;CHEMBL228;;
1325907;;;CHEMBL4810214;[];Homo sapiens;[];;;9606.0;;;A;ADME;BAO_0000357;single protein format;;Direct single protein target assigned;9;Inhibition of sigma 2 receptor (unknown origin) at 0.1 to 1 uM;CHEMBL4808209;Direct protein target assigned;D;;1;CHEMBL4105907;;
1325908;;;CHEMBL4810215;[];Homo sapiens;[];;;9606.0;;;A;ADME;BAO_0000224;protein format;;Multiple direct protein targets may be assigned;5;Inhibition of calcium channel, Type L (unknown origin) at 0.1 to 1 uM;CHEMBL4808209;Direct protein target assigned;D;;1;CHEMBL2095229;;
1325909;;;CHEMBL4810216;[];Homo sapiens;[];;;9606.0;;;A;ADME;BAO_0000019;assay format;;Default value - Target unknown or has yet to be assigned;0;Inhibition of calcium channel, Type N (unknown origin) at 0.1 to 1 uM;CHEMBL4808209;Default value - Target has yet to be curated;U;;1;CHEMBL612545;;
1325910;;;CHEMBL4810217;[];Homo sapiens;[];;;9606.0;;;A;ADME;BAO_0000019;assay format;;Default value - Target unknown or has yet to be assigned;0;Inhibition of GABA chloride/TBOB site (unknown origin) at 0.1 to 1 uM;CHEMBL4808209;Default value - Target has yet to be curated;U;;1;CHEMBL612545;;
1325911;;;CHEMBL4810218;[];Homo sapiens;[];;;9606.0;;;A;ADME;BAO_0000019;assay format;;Default value - Target unknown or has yet to be assigned;0;Inhibition of ATP-sensitive potassium channel (unknown origin) at 0.1 to 1 uM;CHEMBL4808209;Default value - Target has yet to be curated;U;;1;CHEMBL612545;;
1325912;;;CHEMBL4810219;[];Homo sapiens;[];;;9606.0;;;A;ADME;BAO_0000019;assay format;;Default value - Target unknown or has yet to be assigned;0;Inhibition of calcium activated potassium channel (unknown origin) at 0.1 to 1 uM;CHEMBL4808209;Default value - Target has yet to be curated;U;;1;CHEMBL612545;;
1325913;;;CHEMBL4810220;[];Homo sapiens;[];;;9606.0;;;B;Binding;BAO_0000357;single protein format;;Direct single protein target assigned;9;Inhibition of human ERG at 0.1 to 1 uM;CHEMBL4808209;Direct protein target assigned;D;;1;CHEMBL240;;
1325914;;;CHEMBL4810221;[];Homo sapiens;[];;;9606.0;;;A;ADME;BAO_0000019;assay format;;Default value - Target unknown or has yet to be assigned;0;Inhibition of sodium channel site 2 (unknown origin) at 0.1 to 1 uM;CHEMBL4808209;Default value - Target has yet to be curated;U;;1;CHEMBL612545;;
1325915;;;CHEMBL4810222;[];Homo sapiens;[];;;9606.0;;;A;ADME;BAO_0000357;single protein format;;Direct single protein target assigned;9;Inhibition of NOS (unknown origin) at 0.1 to 1 uM;CHEMBL4808209;Direct protein target assigned;D;;1;CHEMBL3568;;
1325916;;;CHEMBL4810223;[];Homo sapiens;[];;;9606.0;;;A;ADME;BAO_0000357;single protein format;;Direct single protein target assigned;9;Inhibition of LTB4 (unknown origin) at 0.1 to 1 uM;CHEMBL4808209;Direct protein target assigned;D;;1;CHEMBL3911;;
1325917;;;CHEMBL4810224;[];Homo sapiens;[];;;9606.0;;;A;ADME;BAO_0000357;single protein format;;Direct single protein target assigned;9;Inhibition of LTD4 (unknown origin) at 0.1 to 1 uM;CHEMBL4808209;Direct protein target assigned;D;;1;CHEMBL1798;;
1325918;;;CHEMBL4810225;[];Homo sapiens;[];;;9606.0;;;A;ADME;BAO_0000357;single protein format;;Direct single protein target assigned;9;Inhibition of human thromboxane A2 at 0.1 to 1 uM;CHEMBL4808209;Direct protein target assigned;D;;1;CHEMBL2069;;
1325919;;;CHEMBL4810226;[];Homo sapiens;[];;;9606.0;;;A;ADME;BAO_0000357;single protein format;;Direct single protein target assigned;9;Inhibition of human angiotensin 2, AT1 at 0.1 to 1 uM;CHEMBL4808209;Direct protein target assigned;D;;1;CHEMBL227;;
1325920;;;CHEMBL4810227;[];Homo sapiens;[];;;9606.0;;;A;ADME;BAO_0000357;single protein format;;Direct single protein target assigned;9;Inhibition of BK2 (unknown origin) at 0.1 to 1 uM;CHEMBL4808209;Direct protein target assigned;D;;1;CHEMBL3157;;
1325921;;;CHEMBL4810228;[];Homo sapiens;[];;;9606.0;;;A;ADME;BAO_0000357;single protein format;;Direct single protein target assigned;9;Inhibition of human dopamine D4.4 receptor at 0.1 to 1 uM;CHEMBL4808209;Direct protein target assigned;D;;1;CHEMBL219;;
1325922;;;CHEMBL4810229;[];Homo sapiens;[];;;9606.0;;;A;ADME;BAO_0000223;protein complex format;;Multiple direct protein targets may be assigned;5;Inhibition of GABA A receptor (unknown origin) at 0.1 to 1 uM;CHEMBL4808209;Direct protein target assigned;D;;1;CHEMBL2093872;;
1325923;;;CHEMBL4810230;[];Homo sapiens;[];;;9606.0;;;A;ADME;BAO_0000357;single protein format;;Direct single protein target assigned;9;Inhibition of GABA-A alpha1 BDZ site (unknown origin) at 0.1 to 1 uM;CHEMBL4808209;Direct protein target assigned;D;;1;CHEMBL1962;;
1325924;;;CHEMBL4810231;[];Homo sapiens;[];;;9606.0;;;A;ADME;BAO_0000223;protein complex format;;Direct protein complex subunits assigned;7;Inhibition of GABA-B receptor (unknown origin) at 0.1 to 1 uM;CHEMBL4808209;Direct protein target assigned;D;;1;CHEMBL2111463;;
1325925;;;CHEMBL4810232;[];Homo sapiens;[];;;9606.0;;;A;ADME;BAO_0000019;assay format;;Default value - Target unknown or has yet to be assigned;0;Inhibition of Glutamate AMPA site receptor (unknown origin) at 0.1 to 1 uM;CHEMBL4808209;Default value - Target has yet to be curated;U;;1;CHEMBL612545;;
1325926;;;CHEMBL4810233;[];Homo sapiens;[];;;9606.0;;;A;ADME;BAO_0000019;assay format;;Default value - Target unknown or has yet to be assigned;0;Inhibition of Glutamate kainate site receptor (unknown origin) at 0.1 to 1 uM;CHEMBL4808209;Default value - Target has yet to be curated;U;;1;CHEMBL612545;;
1325927;;;CHEMBL4810234;[];Homo sapiens;[];;;9606.0;;;A;ADME;BAO_0000223;protein complex format;;Multiple direct protein targets may be assigned;5;Inhibition of Glutamate receptor (unknown origin) at 0.1 to 1 uM;CHEMBL4808209;Direct protein target assigned;D;;1;CHEMBL2094124;;
1325928;;;CHEMBL4810235;[];Homo sapiens;[];;;9606.0;;;A;ADME;BAO_0000223;protein complex format;;Multiple direct protein targets may be assigned;5;Inhibition of NMDA receptor (unknown origin) at 0.1 to 1 uM;CHEMBL4808209;Direct protein target assigned;D;;1;CHEMBL2094124;;
1325929;;;CHEMBL4810236;[];Homo sapiens;[];;;9606.0;;;A;ADME;BAO_0000223;protein complex format;;Multiple direct protein targets may be assigned;5;Inhibition of Glutamate receptor ionotropic NMDA glycine,strychnine-sensitive site (unknown origin) at 0.1 to 1 uM;CHEMBL4808209;Direct protein target assigned;D;;1;CHEMBL2094124;;
1325930;;;CHEMBL4810237;[];Homo sapiens;[];;;9606.0;;;A;ADME;BAO_0000357;single protein format;;Direct single protein target assigned;9;Inhibition of human 5HT1A receptor at 0.1 to 1 uM;CHEMBL4808209;Direct protein target assigned;D;;1;CHEMBL214;;
1325931;;;CHEMBL4810238;[];Homo sapiens;[];;;9606.0;;;A;ADME;BAO_0000357;single protein format;;Direct single protein target assigned;9;Inhibition of 5HT1D receptor (unknown origin) at 0.1 to 1 uM;CHEMBL4808209;Direct protein target assigned;D;;1;CHEMBL1983;;
1325932;;;CHEMBL4810239;[];Homo sapiens;[];;;9606.0;;;A;ADME;BAO_0000357;single protein format;;Direct single protein target assigned;9;Inhibition of 5HT2A receptor (unknown origin) at 0.1 to 1 uM;CHEMBL4808209;Direct protein target assigned;D;;1;CHEMBL224;;
1325933;;;CHEMBL4810240;[];Homo sapiens;[];;;9606.0;;;A;ADME;BAO_0000357;single protein format;;Direct single protein target assigned;9;Inhibition of 5HT2C receptor (unknown origin) at 0.1 to 1 uM;CHEMBL4808209;Direct protein target assigned;D;;1;CHEMBL225;;
1325934;;;CHEMBL4810241;[];Homo sapiens;[];;;9606.0;;;A;ADME;BAO_0000357;single protein format;;Direct single protein target assigned;9;Inhibition of 5HT3 receptor (unknown origin) at 0.1 to 1 uM;CHEMBL4808209;Direct protein target assigned;D;;1;CHEMBL1899;;
1325935;;;CHEMBL4810242;[];Homo sapiens;[];;;9606.0;;;A;ADME;BAO_0000357;single protein format;;Direct single protein target assigned;9;Inhibition of 5HT4 receptor (unknown origin) at 0.1 to 1 uM;CHEMBL4808209;Direct protein target assigned;D;;1;CHEMBL1875;;
1325936;;;CHEMBL4810243;[];Homo sapiens;[];;;9606.0;;;A;ADME;BAO_0000357;single protein format;;Direct single protein target assigned;9;Inhibition of human 5HT5A receptor at 0.1 to 1 uM;CHEMBL4808209;Direct protein target assigned;D;;1;CHEMBL3426;;
1325937;;;CHEMBL4810244;[];Homo sapiens;[];;;9606.0;;;A;ADME;BAO_0000357;single protein format;;Direct single protein target assigned;9;Inhibition of human 5HT6 receptor at 0.1 to 1 uM;CHEMBL4808209;Direct protein target assigned;D;;1;CHEMBL3371;;
1325938;;;CHEMBL4810245;[];Homo sapiens;[];;;9606.0;;;A;ADME;BAO_0000357;single protein format;;Direct single protein target assigned;9;Inhibition of human 5HT7 receptor at 0.1 to 1 uM;CHEMBL4808209;Direct protein target assigned;D;;1;CHEMBL3155;;
1325939;;;CHEMBL4810246;[];Homo sapiens;[];;;9606.0;;;A;ADME;BAO_0000357;single protein format;;Direct single protein target assigned;9;Inhibition of sigma 1 receptor (unknown origin) at 0.1 to 1 uM;CHEMBL4808209;Direct protein target assigned;D;;1;CHEMBL287;;
1325940;;;CHEMBL4810247;[];Homo sapiens;[];;;9606.0;;;A;ADME;BAO_0000357;single protein format;;Direct single protein target assigned;9;Inhibition of human ETA receptor at 0.1 to 1 uM;CHEMBL4808209;Direct protein target assigned;D;;1;CHEMBL252;;
1325941;;;CHEMBL4810248;[];Homo sapiens;[];;;9606.0;;;A;ADME;BAO_0000357;single protein format;;Direct single protein target assigned;9;Inhibition of NK-1 (unknown origin) at 0.1 to 1 uM;CHEMBL4808209;Direct protein target assigned;D;;1;CHEMBL249;;
1325942;;;CHEMBL4810249;[];Homo sapiens;[];;;9606.0;;;A;ADME;BAO_0000357;single protein format;;Direct single protein target assigned;9;Inhibition of human NPY2 at 0.1 to 1 uM;CHEMBL4808209;Direct protein target assigned;D;;1;CHEMBL4018;;
1325943;;;CHEMBL4810250;[];Homo sapiens;[];;;9606.0;;;A;ADME;BAO_0000357;single protein format;;Direct single protein target assigned;9;Inhibition of acetylcholinesterase (unknown origin) at 0.1 to 1 uM;CHEMBL4808209;Direct protein target assigned;D;;1;CHEMBL220;;
1325944;;;CHEMBL4810251;[];Homo sapiens;[];;;9606.0;;;A;ADME;BAO_0000019;assay format;;Default value - Target unknown or has yet to be assigned;0;Inhibition of human PDE4A1A at 0.1 to 1 uM;CHEMBL4808209;Default value - Target has yet to be curated;U;;1;CHEMBL612545;;
1325945;;;CHEMBL4810252;[];Homo sapiens;[];;;9606.0;;;A;ADME;BAO_0000357;single protein format;;Direct single protein target assigned;9;Inhibition of human PDE5A1 at 0.1 to 1 uM;CHEMBL4808209;Direct protein target assigned;D;;1;CHEMBL1827;;
1325946;;;CHEMBL4810253;[];Homo sapiens;[];;;9606.0;;;A;ADME;BAO_0000019;assay format;;Default value - Target unknown or has yet to be assigned;0;Inhibition of human PKA at 0.1 to 1 uM;CHEMBL4808209;Default value - Target has yet to be curated;U;;1;CHEMBL612545;;
1325947;;;CHEMBL4810254;[];Homo sapiens;[];;;9606.0;;;A;ADME;BAO_0000357;single protein format;;Direct single protein target assigned;9;Inhibition of human PKCa at 0.1 to 1 uM;CHEMBL4808209;Direct protein target assigned;D;;1;CHEMBL299;;
1325962;;;CHEMBL4810255;[];Canis lupus familiaris;[];Beagle;;9615.0;;;A;ADME;BAO_0000218;organism-based format;;Default value - Target unknown or has yet to be assigned;0;Clearance in Beagle dog at 1 mg/kg, iv measured after 24 hrs relative to hepatic blood flow;CHEMBL4808209;Default value - Target has yet to be curated;U;;1;CHEMBL612558;;
1325963;;;CHEMBL4810256;[];Canis lupus familiaris;[];Beagle;;9615.0;;;A;ADME;BAO_0000218;organism-based format;;Default value - Target unknown or has yet to be assigned;0;Volume of distribution in Beagle dog at 1 mg/kg, iv measured after 24 hrs;CHEMBL4808209;Default value - Target has yet to be curated;U;;1;CHEMBL612558;;
1325964;;;CHEMBL4810257;[];Canis lupus familiaris;[];Beagle;;9615.0;;;A;ADME;BAO_0000218;organism-based format;;Default value - Target unknown or has yet to be assigned;0;Half life in Beagle dog at 1 mg/kg, iv measured after 24 hrs;CHEMBL4808209;Default value - Target has yet to be curated;U;;1;CHEMBL612558;;
1325965;;;CHEMBL4810258;[];Canis lupus familiaris;[];Beagle;;9615.0;;;A;ADME;BAO_0000218;organism-based format;;Default value - Target unknown or has yet to be assigned;0;AUC in Beagle dog at 2 mg/kg, po measured after 24 hrs;CHEMBL4808209;Default value - Target has yet to be curated;U;;1;CHEMBL612558;;
1325966;;;CHEMBL4810259;[];Canis lupus familiaris;[];Beagle;;9615.0;;;A;ADME;BAO_0000218;organism-based format;;Default value - Target unknown or has yet to be assigned;0;Oral bioavailability in Beagle dog at 2 mg/kg measured after 24 hrs;CHEMBL4808209;Default value - Target has yet to be curated;U;;1;CHEMBL612558;;
1333775;;;CHEMBL4838111;[];Homo sapiens;[];;;9606.0;;;B;Binding;BAO_0000357;single protein format;;Direct single protein target assigned;9;Inhibition of FGFR1 (unknown origin);CHEMBL4837205;Direct protein target assigned;D;;1;CHEMBL3650;;
1333776;;;CHEMBL4838112;[];Homo sapiens;[];;;9606.0;;;B;Binding;BAO_0000357;single protein format;;Direct single protein target assigned;9;Inhibition of FGFR2 (unknown origin);CHEMBL4837205;Direct protein target assigned;D;;1;CHEMBL4142;;
1333777;;;CHEMBL4838113;[];Homo sapiens;[];;;9606.0;;;B;Binding;BAO_0000357;single protein format;;Direct single protein target assigned;9;Inhibition of FGFR3 (unknown origin);CHEMBL4837205;Direct protein target assigned;D;;1;CHEMBL2742;;
1333778;;;CHEMBL4838114;[];Homo sapiens;[];;;9606.0;;;B;Binding;BAO_0000357;single protein format;;Direct single protein target assigned;9;Inhibition of FGFR4 (unknown origin);CHEMBL4837205;Direct protein target assigned;D;;1;CHEMBL3973;;
1444000;;;CHEMBL5096273;[];Homo sapiens;[];;;9606.0;;;B;Binding;BAO_0000357;single protein format;;Direct single protein target assigned;9;Inhibition of FGFR4 (unknown origin);CHEMBL5096142;Direct protein target assigned;D;;1;CHEMBL3973;;
1444247;;;CHEMBL5096304;[];Homo sapiens;[];;;9606.0;;;B;Binding;BAO_0000357;single protein format;;Direct single protein target assigned;9;Inhibition of FGFR1 (unknown origin);CHEMBL5096142;Direct protein target assigned;D;;1;CHEMBL3650;;
1444256;;;CHEMBL5096305;[];Homo sapiens;[];;;9606.0;;;B;Binding;BAO_0000357;single protein format;;Direct single protein target assigned;9;Inhibition of FGFR3 (unknown origin);CHEMBL5096142;Direct protein target assigned;D;;1;CHEMBL2742;;
1444275;;;CHEMBL5096306;[];Homo sapiens;[];;;9606.0;;;B;Binding;BAO_0000357;single protein format;;Direct single protein target assigned;9;Inhibition of FGFR2 (unknown origin);CHEMBL5096142;Direct protein target assigned;D;;1;CHEMBL4142;;
1443756;;Sf9;CHEMBL5100323;[];Homo sapiens;[];;;9606.0;;;B;Binding;BAO_0000219;cell-based format;CHEMBL3308860;Direct single protein target assigned;9;Inhibition of N-terminal His-Avi tagged recombinant human FGFR3 (447 to 761 residues) expressed in an Sf9 infected baculovirus expression system using biotin-EQEDEPEGDYFEWLE-amide as substrate preincubated for 5 to 10 mins followed by substrate addition and measured after 1 hr by HTRF assay;CHEMBL5096240;Direct protein target assigned;D;;1;CHEMBL2742;;
1443759;;;CHEMBL5100324;[];Homo sapiens;[];;;9606.0;;;B;Binding;BAO_0000019;assay format;;Default value - Target unknown or has yet to be assigned;0;Inhibition of recombinant human FGFR3 V555L mutant using biotin-EQEDEPEGDYFEWLE-amide as substrate preincubated for 5 to 10 mins followed by substrate addition and measured after 1 hr by HTRF assay;CHEMBL5096240;Default value - Target has yet to be curated;U;;1;CHEMBL612545;;
1443764;;;CHEMBL5100325;[];Homo sapiens;[];;;9606.0;;;B;Binding;BAO_0000357;single protein format;;Direct single protein target assigned;9;Inhibition of recombinant human FGFR1 using biotin-EQEDEPEGDYFEWLE-amide as substrate preincubated for 5 to 10 mins followed by substrate addition and measured after 1 hr by HTRF assay;CHEMBL5096240;Direct protein target assigned;D;;1;CHEMBL3650;;
1443770;;;CHEMBL5100326;[];Homo sapiens;[];;;9606.0;;;B;Binding;BAO_0000357;single protein format;;Direct single protein target assigned;9;Inhibition of recombinant human FGFR3 V555M mutant using biotin-EQEDEPEGDYFEWLE-amide as substrate preincubated for 5 to 10 mins followed by substrate addition and measured after 1 hr by HTRF assay;CHEMBL5096240;Direct protein target assigned;D;;1;CHEMBL2742;;{'accession': 'P22607', 'isoform': 1, 'mutation': 'V555M', 'organism': 'Homo sapiens', 'sequence': 'MGAPACALALCVAVAIVAGASSESLGTEQRVVGRAAEVPGPEPGQQEQLVFGSGDAVELSCPPPGGGPMGPTVWVKDGTGLVPSERVLVGPQRLQVLNASHEDSGAYSCRQRLTQRVLCHFSVRVTDAPSSGDDEDGEDEAEDTGVDTGAPYWTRPERMDKKLLAVPAANTVRFRCPAAGNPTPSISWLKNGREFRGEHRIGGIKLRHQQWSLVMESVVPSDRGNYTCVVENKFGSIRQTYTLDVLERSPHRPILQAGLPANQTAVLGSDVEFHCKVYSDAQPHIQWLKHVEVNGSKVGPDGTPYVTVLKTAGANTTDKELEVLSLHNVTFEDAGEYTCLAGNSIGFSHHSAWLVVLPAEEELVEADEAGSVYAGILSYGVGFFLFILVVAAVTLCRLRSPPKKGLGSPTVHKISRFPLKRQVSLESNASMSSNTPLVRIARLSSGEGPTLANVSELELPADPKWELSRARLTLGKPLGEGCFGQVVMAEAIGIDKDRAAKPVTVAVKMLKDDATDKDLSDLVSEMEMMKMIGKHKNIINLLGACTQGGPLYVLMEYAAKGNLREFLRARRPPGLDYSFDTCKPPEEQLTFKDLVSCAYQVARGMEYLASQKCIHRDLAARNVLVTEDNVMKIADFGLARDVHNLDYYKKTTNGRLPVKWMAPEALFDRVYTHQSDVWSFGVLLWEIFTLGGSPYPGIPVEELFKLLKEGHRMDKPANCTHDLYMIMRECWHAAPSQRPTFKQLVEDLDRVLTVTSTDEYLDLSAPFEQYSPGGQDTPSSSSSGDDSVFAHDLLPPAPPSSGGSRT', 'tax_id': 9606, 'version': 1}
1443887;;Sf9;CHEMBL5100345;[];Homo sapiens;[];;;9606.0;;;B;Binding;BAO_0000219;cell-based format;CHEMBL3308860;Direct single protein target assigned;9;Inhibition of N-terminal GST tagged recombinant human FGFR2 (400 to 821 residues) expressed in an Sf9 infected baculovirus expression system using biotin-EQEDEPEGDYFEWLE-amide as substrate preincubated for 5 to 10 mins followed by substrate addition and measured after 1 hr by HTRF assay;CHEMBL5096240;Direct protein target assigned;D;;1;CHEMBL4142;;
1443897;;;CHEMBL5100346;[];Homo sapiens;[];;;9606.0;;;B;Binding;BAO_0000357;single protein format;;Direct single protein target assigned;9;Inhibition of recombinant human FGFR4 (460 to 802 residues) using biotin-EQEDEPEGDYFEWLE-amide as substrate preincubated for 5 to 10 mins followed by substrate addition and measured after 1 hr by HTRF assay;CHEMBL5096240;Direct protein target assigned;D;;1;CHEMBL3973;;
1443958;;;CHEMBL5100349;[];Mus musculus;[];C57BL/6;;10090.0;;;F;Functional;BAO_0000218;organism-based format;;Default value - Target unknown or has yet to be assigned;0;Induction of phosphorus increase in human UMUC14 cells xenografted with C57BL/6 mouse at 10 mg/kg, po measured after 24 hrs;CHEMBL5096240;Default value - Target has yet to be curated;U;;1;CHEMBL612545;;
1378453;;;CHEMBL5135717;[];Homo sapiens;[];;;9606.0;;;B;Binding;BAO_0000357;single protein format;;Direct single protein target assigned;9;Inhibition of wild-type FGFR1 (unknown origin) by radiometric kinase activity assay;CHEMBL5131515;Direct protein target assigned;D;;1;CHEMBL3650;;
1378454;;;CHEMBL5135718;[];Homo sapiens;[];;;9606.0;;;B;Binding;BAO_0000357;single protein format;;Direct single protein target assigned;9;Inhibition of wild-type FGFR2 (unknown origin) by radiometric kinase activity assay;CHEMBL5131515;Direct protein target assigned;D;;1;CHEMBL4142;;
1378455;;;CHEMBL5135719;[];Homo sapiens;[];;;9606.0;;;B;Binding;BAO_0000357;single protein format;;Direct single protein target assigned;9;Inhibition of wild-type FGFR3 (unknown origin) by radiometric kinase activity assay;CHEMBL5131515;Direct protein target assigned;D;;1;CHEMBL2742;;
1378457;;;CHEMBL5135720;[];Homo sapiens;[];;;9606.0;;;B;Binding;BAO_0000357;single protein format;;Direct single protein target assigned;9;Inhibition of wild-type FGFR4 (unknown origin) by radiometric kinase activity assay;CHEMBL5131515;Direct protein target assigned;D;;1;CHEMBL3973;;
1378462;;;CHEMBL5135721;[];Homo sapiens;[];;;9606.0;;;B;Binding;BAO_0000357;single protein format;;Direct single protein target assigned;9;Inhibition of FGFR1 V561M mutant (unknown origin) by radiometric kinase activity assay;CHEMBL5131515;Direct protein target assigned;D;;1;CHEMBL3650;;{'accession': 'P11362', 'isoform': 1, 'mutation': 'V561M', 'organism': 'Homo sapiens', 'sequence': 'MWSWKCLLFWAVLVTATLCTARPSPTLPEQAQPWGAPVEVESFLVHPGDLLQLRCRLRDDVQSINWLRDGVQLAESNRTRITGEEVEVQDSVPADSGLYACVTSSPSGSDTTYFSVNVSDALPSSEDDDDDDDSSSEEKETDNTKPNRMPVAPYWTSPEKMEKKLHAVPAAKTVKFKCPSSGTPNPTLRWLKNGKEFKPDHRIGGYKVRYATWSIIMDSVVPSDKGNYTCIVENEYGSINHTYQLDVVERSPHRPILQAGLPANKTVALGSNVEFMCKVYSDPQPHIQWLKHIEVNGSKIGPDNLPYVQILKTAGVNTTDKEMEVLHLRNVSFEDAGEYTCLAGNSIGLSHHSAWLTVLEALEERPAVMTSPLYLEIIIYCTGAFLISCMVGSVIVYKMKSGTKKSDFHSQMAVHKLAKSIPLRRQVTVSADSSASMNSGVLLVRPSRLSSSGTPMLAGVSEYELPEDPRWELPRDRLVLGKPLGEGCFGQVVLAEAIGLDKDKPNRVTKVAVKMLKSDATEKDLSDLISEMEMMKMIGKHKNIINLLGACTQDGPLYVIMEYASKGNLREYLQARRPPGLEYCYNPSHNPEEQLSSKDLVSCAYQVARGMEYLASKKCIHRDLAARNVLVTEDNVMKIADFGLARDIHHIDYYKKTTNGRLPVKWMAPEALFDRIYTHQSDVWSFGVLLWEIFTLGGSPYPGVPVEELFKLLKEGHRMDKPSNCTNELYMMMRDCWHAVPSQRPTFKQLVEDLDRIVALTSNQEYLDLSMPLDQYSPSFPDTRSSTCSSGEDSVFSHEPLPEEPCLPRHPAQLANGGLKRR', 'tax_id': 9606, 'version': 3}
1378465;;;CHEMBL5135722;[];Homo sapiens;[];;;9606.0;;;B;Binding;BAO_0000019;assay format;;Default value - Target unknown or has yet to be assigned;0;Inhibition of FGFR2 V564F mutant (unknown origin) by radiometric kinase activity assay;CHEMBL5131515;Default value - Target has yet to be curated;U;;1;CHEMBL612545;;
1378467;;;CHEMBL5135723;[];Homo sapiens;[];;;9606.0;;;B;Binding;BAO_0000357;single protein format;;Direct single protein target assigned;9;Inhibition of FGFR3 V555M mutant (unknown origin) by radiometric kinase activity assay;CHEMBL5131515;Direct protein target assigned;D;;1;CHEMBL2742;;{'accession': 'P22607', 'isoform': 1, 'mutation': 'V555M', 'organism': 'Homo sapiens', 'sequence': 'MGAPACALALCVAVAIVAGASSESLGTEQRVVGRAAEVPGPEPGQQEQLVFGSGDAVELSCPPPGGGPMGPTVWVKDGTGLVPSERVLVGPQRLQVLNASHEDSGAYSCRQRLTQRVLCHFSVRVTDAPSSGDDEDGEDEAEDTGVDTGAPYWTRPERMDKKLLAVPAANTVRFRCPAAGNPTPSISWLKNGREFRGEHRIGGIKLRHQQWSLVMESVVPSDRGNYTCVVENKFGSIRQTYTLDVLERSPHRPILQAGLPANQTAVLGSDVEFHCKVYSDAQPHIQWLKHVEVNGSKVGPDGTPYVTVLKTAGANTTDKELEVLSLHNVTFEDAGEYTCLAGNSIGFSHHSAWLVVLPAEEELVEADEAGSVYAGILSYGVGFFLFILVVAAVTLCRLRSPPKKGLGSPTVHKISRFPLKRQVSLESNASMSSNTPLVRIARLSSGEGPTLANVSELELPADPKWELSRARLTLGKPLGEGCFGQVVMAEAIGIDKDRAAKPVTVAVKMLKDDATDKDLSDLVSEMEMMKMIGKHKNIINLLGACTQGGPLYVLMEYAAKGNLREFLRARRPPGLDYSFDTCKPPEEQLTFKDLVSCAYQVARGMEYLASQKCIHRDLAARNVLVTEDNVMKIADFGLARDVHNLDYYKKTTNGRLPVKWMAPEALFDRVYTHQSDVWSFGVLLWEIFTLGGSPYPGIPVEELFKLLKEGHRMDKPANCTHDLYMIMRECWHAAPSQRPTFKQLVEDLDRVLTVTSTDEYLDLSAPFEQYSPGGQDTPSSSSSGDDSVFAHDLLPPAPPSSGGSRT', 'tax_id': 9606, 'version': 1}
1378472;;;CHEMBL5135724;[];Homo sapiens;[];;;9606.0;;;B;Binding;BAO_0000357;single protein format;;Direct single protein target assigned;9;Inhibition of FGFR2 N549H mutant (unknown origin) by radiometric kinase activity assay;CHEMBL5131515;Direct protein target assigned;D;;1;CHEMBL4142;;{'accession': 'P21802', 'isoform': 1, 'mutation': 'N549H', 'organism': 'Homo sapiens', 'sequence': 'MVSWGRFICLVVVTMATLSLARPSFSLVEDTTLEPEEPPTKYQISQPEVYVAAPGESLEVRCLLKDAAVISWTKDGVHLGPNNRTVLIGEYLQIKGATPRDSGLYACTASRTVDSETWYFMVNVTDAISSGDDEDDTDGAEDFVSENSNNKRAPYWTNTEKMEKRLHAVPAANTVKFRCPAGGNPMPTMRWLKNGKEFKQEHRIGGYKVRNQHWSLIMESVVPSDKGNYTCVVENEYGSINHTYHLDVVERSPHRPILQAGLPANASTVVGGDVEFVCKVYSDAQPHIQWIKHVEKNGSKYGPDGLPYLKVLKAAGVNTTDKEIEVLYIRNVTFEDAGEYTCLAGNSIGISFHSAWLTVLPAPGREKEITASPDYLEIAIYCIGVFLIACMVVTVILCRMKNTTKKPDFSSQPAVHKLTKRIPLRRQVTVSAESSSSMNSNTPLVRITTRLSSTADTPMLAGVSEYELPEDPKWEFPRDKLTLGKPLGEGCFGQVVMAEAVGIDKDKPKEAVTVAVKMLKDDATEKDLSDLVSEMEMMKMIGKHKNIIHLLGACTQDGPLYVIVEYASKGNLREYLRARRPPGMEYSYDINRVPEEQMTFKDLVSCTYQLARGMEYLASQKCIHRDLAARNVLVTENNVMKIADFGLARDINNIDYYKKTTNGRLPVKWMAPEALFDRVYTHQSDVWSFGVLMWEIFTLGGSPYPGIPVEELFKLLKEGHRMDKPANCTNELYMMMRDCWHAVPSQRPTFKQLVEDLDRILTLTTNEEYLDLSQPLEQYSPSYPDTRSSCSSGDDSVFSPDPMPYEPCLPQYPHINGSVKT', 'tax_id': 9606, 'version': 1}
1378474;;;CHEMBL5135725;[];Homo sapiens;[];;;9606.0;;;B;Binding;BAO_0000357;single protein format;;Direct single protein target assigned;9;Inhibition of FGFR3 K650E mutant (unknown origin) by radiometric kinase activity assay;CHEMBL5131515;Direct protein target assigned;D;;1;CHEMBL2742;;{'accession': 'P22607', 'isoform': 1, 'mutation': 'K650E', 'organism': 'Homo sapiens', 'sequence': 'MGAPACALALCVAVAIVAGASSESLGTEQRVVGRAAEVPGPEPGQQEQLVFGSGDAVELSCPPPGGGPMGPTVWVKDGTGLVPSERVLVGPQRLQVLNASHEDSGAYSCRQRLTQRVLCHFSVRVTDAPSSGDDEDGEDEAEDTGVDTGAPYWTRPERMDKKLLAVPAANTVRFRCPAAGNPTPSISWLKNGREFRGEHRIGGIKLRHQQWSLVMESVVPSDRGNYTCVVENKFGSIRQTYTLDVLERSPHRPILQAGLPANQTAVLGSDVEFHCKVYSDAQPHIQWLKHVEVNGSKVGPDGTPYVTVLKTAGANTTDKELEVLSLHNVTFEDAGEYTCLAGNSIGFSHHSAWLVVLPAEEELVEADEAGSVYAGILSYGVGFFLFILVVAAVTLCRLRSPPKKGLGSPTVHKISRFPLKRQVSLESNASMSSNTPLVRIARLSSGEGPTLANVSELELPADPKWELSRARLTLGKPLGEGCFGQVVMAEAIGIDKDRAAKPVTVAVKMLKDDATDKDLSDLVSEMEMMKMIGKHKNIINLLGACTQGGPLYVLVEYAAKGNLREFLRARRPPGLDYSFDTCKPPEEQLTFKDLVSCAYQVARGMEYLASQKCIHRDLAARNVLVTEDNVMKIADFGLARDVHNLDYYKETTNGRLPVKWMAPEALFDRVYTHQSDVWSFGVLLWEIFTLGGSPYPGIPVEELFKLLKEGHRMDKPANCTHDLYMIMRECWHAAPSQRPTFKQLVEDLDRVLTVTSTDEYLDLSAPFEQYSPGGQDTPSSSSSGDDSVFAHDLLPPAPPSSGGSRT', 'tax_id': 9606, 'version': 1}
1378476;;;CHEMBL5135726;[];Homo sapiens;[];;;9606.0;;;B;Binding;BAO_0000357;single protein format;;Direct single protein target assigned;9;Inhibition of FGFR3 K650M mutant (unknown origin) by radiometric kinase activity assay;CHEMBL5131515;Direct protein target assigned;D;;1;CHEMBL2742;;{'accession': 'P22607', 'isoform': 1, 'mutation': 'K650M', 'organism': 'Homo sapiens', 'sequence': 'MGAPACALALCVAVAIVAGASSESLGTEQRVVGRAAEVPGPEPGQQEQLVFGSGDAVELSCPPPGGGPMGPTVWVKDGTGLVPSERVLVGPQRLQVLNASHEDSGAYSCRQRLTQRVLCHFSVRVTDAPSSGDDEDGEDEAEDTGVDTGAPYWTRPERMDKKLLAVPAANTVRFRCPAAGNPTPSISWLKNGREFRGEHRIGGIKLRHQQWSLVMESVVPSDRGNYTCVVENKFGSIRQTYTLDVLERSPHRPILQAGLPANQTAVLGSDVEFHCKVYSDAQPHIQWLKHVEVNGSKVGPDGTPYVTVLKTAGANTTDKELEVLSLHNVTFEDAGEYTCLAGNSIGFSHHSAWLVVLPAEEELVEADEAGSVYAGILSYGVGFFLFILVVAAVTLCRLRSPPKKGLGSPTVHKISRFPLKRQVSLESNASMSSNTPLVRIARLSSGEGPTLANVSELELPADPKWELSRARLTLGKPLGEGCFGQVVMAEAIGIDKDRAAKPVTVAVKMLKDDATDKDLSDLVSEMEMMKMIGKHKNIINLLGACTQGGPLYVLVEYAAKGNLREFLRARRPPGLDYSFDTCKPPEEQLTFKDLVSCAYQVARGMEYLASQKCIHRDLAARNVLVTEDNVMKIADFGLARDVHNLDYYKMTTNGRLPVKWMAPEALFDRVYTHQSDVWSFGVLLWEIFTLGGSPYPGIPVEELFKLLKEGHRMDKPANCTHDLYMIMRECWHAAPSQRPTFKQLVEDLDRVLTVTSTDEYLDLSAPFEQYSPGGQDTPSSSSSGDDSVFAHDLLPPAPPSSGGSRT', 'tax_id': 9606, 'version': 1}
1378491;;BaF3;CHEMBL5135730;[];Mus musculus;[];;;10090.0;;;F;Functional;BAO_0000219;cell-based format;CHEMBL3307634;Target assigned is non-molecular;1;Antiproliferative activity against mouse BaF3 cells harboring TEL-FGFR3-V555M mutant assessed as cell growth inhibition by CellTiter-Glo assay;CHEMBL5131515;Non-molecular target assigned;N;;1;CHEMBL614524;;
1378492;;BaF3;CHEMBL5135731;[];Mus musculus;[];;;10090.0;;;F;Functional;BAO_0000219;cell-based format;CHEMBL3307634;Target assigned is non-molecular;1;Antiproliferative activity against mouse BaF3 cells harboring TEL-FGFR3 assessed as cell growth inhibition by CellTiter-Glo assay;CHEMBL5131515;Non-molecular target assigned;N;;1;CHEMBL614524;;
1378494;;BaF3;CHEMBL5135732;[];Mus musculus;[];;;10090.0;;;T;Toxicity;BAO_0000219;cell-based format;CHEMBL3307634;Target assigned is non-molecular;1;Antiproliferative activity against mouse BaF3 cells assessed as cell growth inhibition by CellTiter-Glo assay;CHEMBL5131515;Non-molecular target assigned;N;;1;CHEMBL614524;;
1378503;;BaF3;CHEMBL5135733;[];Mus musculus;[];;;10090.0;;;F;Functional;BAO_0000219;cell-based format;CHEMBL3307634;Target assigned is non-molecular;1;Antiproliferative activity against mouse BaF3 cells harboring TEL-FGFR4 V550E mutant assessed as cell growth inhibition by CellTiter-Glo assay;CHEMBL5131515;Non-molecular target assigned;N;;1;CHEMBL614524;;
1378506;;BaF3;CHEMBL5135734;[];Mus musculus;[];;;10090.0;;;F;Functional;BAO_0000219;cell-based format;CHEMBL3307634;Target assigned is non-molecular;1;Antiproliferative activity against mouse BaF3 cells harboring TEL-FGFR4 N535K mutant assessed as cell growth inhibition by CellTiter-Glo assay;CHEMBL5131515;Non-molecular target assigned;N;;1;CHEMBL614524;;
1378521;;AN3-CA;CHEMBL5135735;[];Homo sapiens;[];;;9606.0;;;F;Functional;BAO_0000219;cell-based format;CHEMBL3308708;Target assigned is non-molecular;1;Antiproliferative activity against human AN3-CA cells harboring FGFR2 K310R/N549K mutant assessed as cell growth inhibition by CellTiter-Glo assay;CHEMBL5131515;Non-molecular target assigned;N;;1;CHEMBL1075392;;
1378524;;KMS-11;CHEMBL5135736;[];Homo sapiens;[];;;9606.0;;;F;Functional;BAO_0000219;cell-based format;CHEMBL4295454;Target assigned is non-molecular;1;Antiproliferative activity against human KMS-11 cells harboring FGFR3 Y373C mutant assessed as cell growth inhibition by CellTiter-Glo assay;CHEMBL5131515;Non-molecular target assigned;N;;1;CHEMBL4296454;;
1378530;;J82;CHEMBL5135737;[];Homo sapiens;[];;;9606.0;;;F;Functional;BAO_0000219;cell-based format;CHEMBL3308508;Target assigned is non-molecular;1;Antiproliferative activity against human J82 cells harboring FGFR3 K652E mutant assessed as cell growth inhibition by CellTiter-Glo assay;CHEMBL5131515;Non-molecular target assigned;N;;1;CHEMBL614586;;
1398300;;;CHEMBL5143810;[];Homo sapiens;[];;;9606.0;;;B;Binding;BAO_0000357;single protein format;;Direct single protein target assigned;9;Inhibition of human recombinant FGFR1 by ELISA method;CHEMBL5143507;Direct protein target assigned;D;;1;CHEMBL3650;;
1398301;;;CHEMBL5143811;[];Homo sapiens;[];;;9606.0;;;B;Binding;BAO_0000357;single protein format;;Direct single protein target assigned;9;Inhibition of human recombinant FGFR2 by ELISA method;CHEMBL5143507;Direct protein target assigned;D;;1;CHEMBL4142;;
1398302;;;CHEMBL5143812;[];Homo sapiens;[];;;9606.0;;;B;Binding;BAO_0000357;single protein format;;Direct single protein target assigned;9;Inhibition of human recombinant FGFR3 by ELISA method;CHEMBL5143507;Direct protein target assigned;D;;1;CHEMBL2742;;
