CHEMBL1489_target_id,CHEMBL1489_target_uni_ids,CHEMBL178_target_id,CHEMBL178_target_uni_ids,CHEMBL803_target_id,CHEMBL803_target_uni_ids,CHEMBL384467_target_id,CHEMBL384467_target_uni_ids,CHEMBL635_target_id,CHEMBL635_target_uni_ids,CHEMBL1201576_target_id,CHEMBL1201576_target_uni_ids,CHEMBL3137309_target_id,CHEMBL3137309_target_uni_ids
CHEMBL2362975,no_uni_id!,CHEMBL614516,no_uni_id!,CHEMBL613859,no_uni_id!,CHEMBL312,['P12527'],CHEMBL612558,no_uni_id!,CHEMBL3879801,no_uni_id!,CHEMBL3879801,no_uni_id!
CHEMBL2094118,"['B0LPE2', 'P08588', 'Q5T5Y4', 'Q9UKG7', 'Q9UKG8']",CHEMBL614514,no_uni_id!,CHEMBL2362975,no_uni_id!,CHEMBL612558,no_uni_id!,CHEMBL2362975,no_uni_id!,CHEMBL612545,no_uni_id!,CHEMBL4860,"['C9JHD5', 'P10415', 'P10416', 'Q13842', 'Q16197']"
CHEMBL386,no_uni_id!,CHEMBL2362975,no_uni_id!,CHEMBL614270,no_uni_id!,CHEMBL2362975,no_uni_id!,CHEMBL3253,"['E7ESS9', 'O95574', 'P02768', 'P04277', 'Q13140', 'Q645G4', 'Q68DN5', 'Q6UXK4', 'Q86YG0', 'Q8IUK7', 'Q9P157', 'Q9P1I7', 'Q9UHS3', 'Q9UJZ0']",,,CHEMBL4625,"['E1P5L6', 'Q07817', 'Q5CZ89', 'Q5TE65', 'Q92976']"
CHEMBL384,no_uni_id!,CHEMBL612558,no_uni_id!,CHEMBL381,no_uni_id!,CHEMBL372,no_uni_id!,CHEMBL613294,no_uni_id!,,,CHEMBL4361,"['B2R6B2', 'D3DV03', 'D3DV04', 'Q07820', 'Q9HD91', 'Q9NRQ3', 'Q9NRQ4', 'Q9UHR7', 'Q9UHR8', 'Q9UHR9', 'Q9UNJ1']"
CHEMBL389,no_uni_id!,CHEMBL345,no_uni_id!,CHEMBL2094118,"['B0LPE2', 'P08588', 'Q5T5Y4', 'Q9UKG7', 'Q9UKG8']",CHEMBL2034,"['A0ZXF9', 'B0LPG8', 'D3DQF4', 'F5ATB7', 'P04150', 'P04151', 'Q53EP5', 'Q6N0A4']",CHEMBL376,no_uni_id!,,,CHEMBL4677,"['A8K0F4', 'Q2M3U0', 'Q5U0H4', 'Q92843']"
CHEMBL612565,no_uni_id!,CHEMBL2366220,no_uni_id!,CHEMBL614528,no_uni_id!,CHEMBL1871,"['A0A0B4J1T2', 'A2RUN2', 'B1AKD7', 'C0JKD3', 'C0JKD4', 'E7EVX6', 'P10275', 'Q9UD95']",CHEMBL372,no_uni_id!,,,CHEMBL2366159,no_uni_id!
CHEMBL614515,no_uni_id!,CHEMBL381,no_uni_id!,CHEMBL614359,no_uni_id!,CHEMBL3072,"['P15207', 'Q63049']",CHEMBL5685,"['A6NFF3', 'A8K1H2', 'C9JSU6', 'O15245', 'O15395', 'Q9NQD4']",,,CHEMBL612545,no_uni_id!
CHEMBL3879801,no_uni_id!,CHEMBL613070,no_uni_id!,CHEMBL614067,no_uni_id!,CHEMBL3069,"['O35627', 'O35628', 'Q3V008']",CHEMBL5748,"['B2RMT8', 'Q14022', 'Q5T2B1', 'Q92500', 'Q92798', 'Q92887', 'Q99663', 'Q9UMS2']",,,CHEMBL4296391,no_uni_id!
CHEMBL387,no_uni_id!,CHEMBL359,no_uni_id!,CHEMBL382,no_uni_id!,CHEMBL340,"['P05184', 'P08684', 'Q16757', 'Q9UK50']",CHEMBL613652,no_uni_id!,,,CHEMBL2362975,no_uni_id!
CHEMBL1951,"['B4DF46', 'P21397', 'Q16426']",CHEMBL382,no_uni_id!,CHEMBL387,no_uni_id!,CHEMBL2093866,"['A8K8K5', 'G3V5M5', 'O60608', 'O60685', 'O60702', 'O60703', 'O75583', 'O75584', 'Q0MWT5', 'Q0MWT6', 'Q86Z31', 'Q92731', 'Q9UEV6', 'Q9UHD3', 'Q9UQK9']",CHEMBL6110,['Q962Y6'],,,CHEMBL614177,no_uni_id!
CHEMBL2039,"['B2R6R3', 'B7Z5H3', 'D3DWC3', 'P27338', 'Q7Z6S2']",CHEMBL613853,no_uni_id!,CHEMBL614539,no_uni_id!,CHEMBL3368,"['O08624', 'P06536', 'Q8R463', 'Q8R5J0']",CHEMBL3577,"['O00768', 'P00352', 'Q5SYR1']",,,CHEMBL4296505,no_uni_id!
CHEMBL612545,no_uni_id!,CHEMBL614536,no_uni_id!,CHEMBL614541,no_uni_id!,CHEMBL369,no_uni_id!,CHEMBL4261,"['C0LZJ3', 'Q16665', 'Q53XP6', 'Q96PT9', 'Q9UPB1']",,,CHEMBL4303835,no_uni_id!
CHEMBL614696,no_uni_id!,CHEMBL3879801,no_uni_id!,CHEMBL613853,no_uni_id!,CHEMBL3253,"['E7ESS9', 'O95574', 'P02768', 'P04277', 'Q13140', 'Q645G4', 'Q68DN5', 'Q6UXK4', 'Q86YG0', 'Q8IUK7', 'Q9P157', 'Q9P1I7', 'Q9UHS3', 'Q9UJZ0']",CHEMBL2093861,"['A5HBC6', 'A5HBC7', 'A5HBC8', 'A5HBC9', 'A5HBD0', 'A5HBD1', 'A5HBD2', 'O00255', 'O00632', 'Q9BUF0', 'Q9BUK2']",,,CHEMBL614882,no_uni_id!
CHEMBL1293298,"['Q01453', 'Q8WV01']",CHEMBL612545,no_uni_id!,CHEMBL614800,no_uni_id!,CHEMBL614123,no_uni_id!,CHEMBL4159,"['Q5H927', 'Q6IBS9', 'Q8TCV9', 'Q96HD5', 'Q99714']",,,CHEMBL2366315,no_uni_id!
CHEMBL1293235,"['B4DI32', 'D3DVB0', 'D6RAQ3', 'E7EUI9', 'P02545', 'P02546', 'Q5I6Y4', 'Q5I6Y6', 'Q5TCJ2', 'Q5TCJ3', 'Q6UYC3', 'Q969I8', 'Q96JA2']",CHEMBL333,"['B2R6U1', 'B4DWH3', 'E9PE45', 'P08253', 'Q9UCJ8']",CHEMBL614285,no_uni_id!,CHEMBL375,no_uni_id!,CHEMBL1293231,"['E9Q8I1', 'P51450', 'Q3U513', 'Q61027', 'Q91YT5', 'Q9QXD9', 'Q9R177']",,,CHEMBL612558,no_uni_id!
CHEMBL3577,"['O00768', 'P00352', 'Q5SYR1']",CHEMBL612638,no_uni_id!,CHEMBL2110,"['P56389', 'Q9D7V3']",CHEMBL1994,"['B0ZBF5', 'B0ZBF7', 'P08235', 'Q2NKL1', 'Q96KQ8', 'Q96KQ9']",CHEMBL1075138,"['Q2HXX4', 'Q86TV8', 'Q96BK7', 'Q9NUW8', 'Q9NZM7', 'Q9NZM8']",,,CHEMBL4483260,no_uni_id!
CHEMBL1293237,"['P54132', 'Q52M96']",CHEMBL612514,no_uni_id!,CHEMBL4502,['P32320'],CHEMBL3507,"['P22199', 'Q63763', 'Q64174']",CHEMBL3879801,no_uni_id!,,,CHEMBL4523582,['P0DTD1']
CHEMBL2026,"['P00811', 'Q2M6F2']",CHEMBL4564,"['P00375', 'P70693', 'Q61485', 'Q61487', 'Q61579']",CHEMBL345,no_uni_id!,CHEMBL613516,no_uni_id!,CHEMBL1697861,no_uni_id!,,,CHEMBL383,no_uni_id!
CHEMBL2842,"['P42345', 'Q4LE76', 'Q5TER1', 'Q6LE87', 'Q96QG3', 'Q9Y4I3']",CHEMBL613827,no_uni_id!,CHEMBL2448,['P30648'],CHEMBL4302,"['A8K294', 'B5AK60', 'P08183', 'Q12755', 'Q14812']",CHEMBL612545,no_uni_id!,,,CHEMBL3706568,no_uni_id!
CHEMBL3251,"['A8K5Y5', 'B3KVE8', 'P19838', 'Q68D84', 'Q86V43', 'Q8N4X7', 'Q9NZC0']",CHEMBL614295,no_uni_id!,CHEMBL4760,['Q9XZT6'],CHEMBL2573,"['P21447', 'Q5I1Y5']",CHEMBL1075094,"['B2RBU2', 'B4E338', 'E9PGJ7', 'Q16236', 'Q53RW6', 'Q59HH2', 'Q96F71']",,,CHEMBL4680030,"['A0A0A0MSK8', 'A6NDF4', 'A6NHI2', 'B4DIC9', 'B4E2K4', 'B7ZM95', 'E5RGP5', 'F5H667', 'Q12797', 'Q6NXR7', 'Q8TB28', 'Q9H291', 'Q9H2C4', 'Q9NRI0', 'Q9NRI1', 'Q9Y4J0']"
CHEMBL4331,"['A4GX73', 'B2ZUE0', 'P02023', 'P68871', 'Q13852', 'Q14481', 'Q14510', 'Q45KT0', 'Q549N7', 'Q6FI08', 'Q6R7N2', 'Q8IZI1', 'Q9BX96', 'Q9UCD6', 'Q9UCP8', 'Q9UCP9']",CHEMBL354,no_uni_id!,CHEMBL4564,"['P00375', 'P70693', 'Q61485', 'Q61487', 'Q61579']",CHEMBL3467,['P06795'],CHEMBL1977,"['B2R5Q1', 'G3V1V9', 'P11473', 'Q5PSV3']",,,CHEMBL4296479,no_uni_id!
CHEMBL5514,"['P42858', 'Q9UQB7']",CHEMBL383,no_uni_id!,CHEMBL613509,no_uni_id!,CHEMBL4715,['P00592'],CHEMBL1871,"['A0A0B4J1T2', 'A2RUN2', 'B1AKD7', 'C0JKD3', 'C0JKD4', 'E7EVX6', 'P10275', 'Q9UD95']",,,CHEMBL612264,no_uni_id!
CHEMBL4096,"['P04637', 'Q15086', 'Q15087', 'Q15088', 'Q16535', 'Q16807', 'Q16808', 'Q16809', 'Q16810', 'Q16811', 'Q16848', 'Q2XN98', 'Q3LRW1', 'Q3LRW2', 'Q3LRW3', 'Q3LRW4', 'Q3LRW5', 'Q86UG1', 'Q8J016', 'Q99659', 'Q9BTM4', 'Q9HAQ8', 'Q9NP68', 'Q9NPJ2', 'Q9NZD0', 'Q9UBI2', 'Q9UQ61']",CHEMBL614734,no_uni_id!,CHEMBL614503,no_uni_id!,CHEMBL5016,['P04055'],CHEMBL2034,"['A0ZXF9', 'B0LPG8', 'D3DQF4', 'F5ATB7', 'P04150', 'P04151', 'Q53EP5', 'Q6N0A4']",,,CHEMBL387,no_uni_id!
CHEMBL276,['P08482'],CHEMBL384,no_uni_id!,CHEMBL383,no_uni_id!,CHEMBL613488,no_uni_id!,CHEMBL364,no_uni_id!,,,CHEMBL385,no_uni_id!
CHEMBL1293256,"['A1L3Y0', 'B7ZLR8', 'B9EGA8', 'P40225', 'Q13020', 'Q15790', 'Q15791', 'Q15792']",CHEMBL613985,no_uni_id!,CHEMBL377,no_uni_id!,CHEMBL2096674,"['A7YWD4', 'O62664']",CHEMBL1287617,"['A6NJC3', 'B8K286', 'P22309']",,,CHEMBL3817,"['O14803', 'Q6FH21', 'Q92934']"
CHEMBL5619,"['P27695', 'Q969L5', 'Q99775']",CHEMBL613984,no_uni_id!,CHEMBL370,no_uni_id!,CHEMBL2111358,['P05979'],CHEMBL1909043,['A6XA80'],,,CHEMBL4879497,['Q8MKI5']
CHEMBL1293294,"['A8K390', 'P51151', 'Q6ICN1']",CHEMBL614590,no_uni_id!,CHEMBL614580,no_uni_id!,CHEMBL208,"['A7LQ08', 'A7X8B0', 'B4E3T0', 'P06401', 'Q8TDS3', 'Q9UPF7']",CHEMBL1798,"['B2R954', 'D3DTE4', 'Q5JS94', 'Q8IV19', 'Q9Y271']",,,CHEMBL399,no_uni_id!
CHEMBL1293278,"['B3KMM8', 'O75496', 'Q9H1Z1']",CHEMBL398,no_uni_id!,CHEMBL399,no_uni_id!,CHEMBL612557,no_uni_id!,CHEMBL4358,"['O19043', 'P12530']",,,CHEMBL3706572,no_uni_id!
CHEMBL612558,no_uni_id!,CHEMBL614000,no_uni_id!,CHEMBL614736,no_uni_id!,CHEMBL376,no_uni_id!,CHEMBL4644,"['P41968', 'Q4KN27', 'Q9H517']",,,CHEMBL612794,no_uni_id!
CHEMBL1697861,no_uni_id!,CHEMBL386,no_uni_id!,CHEMBL614591,no_uni_id!,CHEMBL614309,no_uni_id!,CHEMBL259,"['B2RAC3', 'P32245', 'Q16317', 'Q3MIJ6']",,,,
CHEMBL1741220,"['D3DPA8', 'Q96EA1', 'Q96SQ8', 'Q9P252', 'Q9UIF8', 'Q9Y4N8']",CHEMBL614017,no_uni_id!,CHEMBL614796,no_uni_id!,CHEMBL612545,no_uni_id!,CHEMBL4608,"['B0YJ34', 'P33032', 'Q502V1']",,,,
CHEMBL1741209,"['Q05DH0', 'Q69YR6', 'Q96QE3', 'Q9H9I1']",CHEMBL614740,no_uni_id!,CHEMBL614347,no_uni_id!,CHEMBL614071,no_uni_id!,CHEMBL1951,"['B4DF46', 'P21397', 'Q16426']",,,,
CHEMBL1075094,"['B2RBU2', 'B4E338', 'E9PGJ7', 'Q16236', 'Q53RW6', 'Q59HH2', 'Q96F71']",CHEMBL387,no_uni_id!,CHEMBL614353,no_uni_id!,CHEMBL399,no_uni_id!,CHEMBL216,"['P11229', 'Q96RH1']",,,,
CHEMBL6032,"['B0UZY2', 'Q14349', 'Q5JP83', 'Q5JQ92', 'Q5JQA1', 'Q5JQG3', 'Q6PK06', 'Q96KQ7', 'Q96MH5', 'Q96QD0', 'Q9UQL8', 'Q9Y331']",CHEMBL613829,no_uni_id!,CHEMBL614038,no_uni_id!,CHEMBL612563,no_uni_id!,CHEMBL211,"['P08172', 'Q4VBK6', 'Q9P1X9']",,,,
CHEMBL5501,"['Q8N1A2', 'Q92830', 'Q9UCW1']",CHEMBL614088,no_uni_id!,CHEMBL614190,no_uni_id!,CHEMBL614631,no_uni_id!,CHEMBL245,"['P20309', 'Q0VAJ8', 'Q4QRI3', 'Q5VXY2', 'Q9HB60']",,,,
CHEMBL5686,['O15648'],CHEMBL614019,no_uni_id!,CHEMBL613519,no_uni_id!,CHEMBL5410,"['P51680', 'Q14A03']",CHEMBL1821,"['B2RPP4', 'P08173', 'Q0VD60', 'Q4VBK7']",,,,
CHEMBL235,"['A8K3G6', 'B5BUA1', 'O00684', 'O00710', 'O14515', 'P37231', 'Q0QJH8', 'Q15178', 'Q15179', 'Q15180', 'Q15832', 'Q86U60', 'Q96J12']",CHEMBL614073,no_uni_id!,CHEMBL614210,no_uni_id!,CHEMBL614882,no_uni_id!,CHEMBL2035,"['P08912', 'Q96RG7']",,,,
CHEMBL206,"['P03372', 'Q13511', 'Q14276', 'Q5T5H7', 'Q6MZQ9', 'Q9NU51', 'Q9UDZ7', 'Q9UIS7']",CHEMBL614129,no_uni_id!,CHEMBL614100,no_uni_id!,CHEMBL614040,no_uni_id!,CHEMBL4777,"['B2R6H5', 'P25929']",,,,
CHEMBL1795085,"['A6NLD4', 'Q24JQ7', 'Q6ZQZ7', 'Q99493', 'Q99700']",CHEMBL614344,no_uni_id!,CHEMBL390,no_uni_id!,CHEMBL613427,no_uni_id!,CHEMBL4018,"['P49146', 'Q13281', 'Q13457', 'Q4W5G7', 'Q6AZZ6', 'Q9UE67']",,,,
CHEMBL2061,"['B3KY83', 'P19793', 'Q2NL52', 'Q2V504']",CHEMBL614923,no_uni_id!,CHEMBL614235,no_uni_id!,CHEMBL614245,no_uni_id!,CHEMBL3048,"['P29476', 'P70594']",,,,
CHEMBL614818,no_uni_id!,CHEMBL614343,no_uni_id!,CHEMBL614101,no_uni_id!,CHEMBL4296442,no_uni_id!,CHEMBL3464,"['O70515', 'O70516', 'P29477', 'Q5SXT3', 'Q6P6A0', 'Q8R410']",,,,
CHEMBL1871,"['A0A0B4J1T2', 'A2RUN2', 'B1AKD7', 'C0JKD3', 'C0JKD4', 'E7EVX6', 'P10275', 'Q9UD95']",CHEMBL375,no_uni_id!,CHEMBL614102,no_uni_id!,CHEMBL613362,no_uni_id!,CHEMBL236,"['B5B0B8', 'P41143']",,,,
CHEMBL1977,"['B2R5Q1', 'G3V1V9', 'P11473', 'Q5PSV3']",CHEMBL614177,no_uni_id!,CHEMBL612268,no_uni_id!,CHEMBL2096661,"['O43746', 'P20701', 'Q45H73', 'Q96HB1', 'Q9UBC8']",CHEMBL237,"['E5RHC9', 'P41145', 'Q499G4']",,,,
CHEMBL614910,no_uni_id!,CHEMBL614200,no_uni_id!,CHEMBL614894,no_uni_id!,CHEMBL383,no_uni_id!,CHEMBL233,"['B0FXJ1', 'B2R9S7', 'B8Q1L7', 'B8Q1L8', 'B8Q1L9', 'E7EWZ3', 'G8XRH6', 'G8XRH8', 'P35372', 'Q12930', 'Q4VWM1', 'Q4VWM2', 'Q4VWM3', 'Q4VWM4', 'Q4VWM6', 'Q4VWX6', 'Q5TDA1', 'Q6UPP1', 'Q6UQ80', 'Q7Z2D8', 'Q86V80', 'Q8IWW3', 'Q8IWW4', 'Q9UCZ4', 'Q9UN57']",,,,
CHEMBL2034,"['A0ZXF9', 'B0LPG8', 'D3DQF4', 'F5ATB7', 'P04150', 'P04151', 'Q53EP5', 'Q6N0A4']",CHEMBL396,no_uni_id!,CHEMBL613970,no_uni_id!,CHEMBL613853,no_uni_id!,CHEMBL1827,"['A0AV69', 'A8K2C4', 'O75026', 'O75887', 'O76074', 'Q86UI0', 'Q86V66', 'Q9Y6Z6']",,,,
CHEMBL364,no_uni_id!,CHEMBL4499,"['P03905', 'Q6RL39', 'Q6RQN9', 'Q8HNR8']",CHEMBL613972,no_uni_id!,CHEMBL5738,['P02692'],CHEMBL250,"['A3KMC8', 'A8K2H5', 'P25105']",,,,
CHEMBL1741193,"['P23197', 'P83916']",CHEMBL612554,no_uni_id!,CHEMBL614774,no_uni_id!,CHEMBL3681,"['B1AX52', 'Q64133', 'Q8K0Z8']",CHEMBL240,"['A5H1P7', 'C4PFH9', 'D3DX04', 'O75418', 'O75680', 'Q12809', 'Q708S9', 'Q9BT72', 'Q9BUT7', 'Q9H3P0']",,,,
CHEMBL3979,"['A8K6J6', 'B4E3V3', 'B6ZGS1', 'B7Z3W1', 'E9PE18', 'Q03181', 'Q5D1P0', 'Q7Z5K0', 'Q9BUD4']",CHEMBL389,no_uni_id!,CHEMBL615023,no_uni_id!,CHEMBL3050,"['Q14CG9', 'Q8BW75', 'Q8C0B2']",CHEMBL1909044,['Q690N0'],,,,
CHEMBL395,no_uni_id!,CHEMBL614213,no_uni_id!,CHEMBL398,no_uni_id!,CHEMBL2724,['P06211'],CHEMBL4074,"['O02852', 'P12822', 'P22968']",,,,
CHEMBL1293258,"['A8K4B6', 'B7Z4Z5', 'B7Z6M9', 'B7Z9Q2', 'F5H383', 'O09064', 'O09144', 'O14510', 'O35273', 'P84022', 'Q92940', 'Q93002', 'Q9GKR4']",CHEMBL2096984,['P08419'],CHEMBL614000,no_uni_id!,CHEMBL2596,['Q63449'],CHEMBL4801,"['B5MDZ1', 'P29466', 'Q53EY6', 'Q6DMQ1', 'Q6GSS3', 'Q6PI75', 'Q9UCN3']",,,,
CHEMBL1909043,['A6XA80'],CHEMBL376,no_uni_id!,CHEMBL613996,no_uni_id!,CHEMBL613652,no_uni_id!,CHEMBL4071,"['P08311', 'Q6IBJ6', 'Q9UCA5', 'Q9UCU6']",,,,
CHEMBL1798,"['B2R954', 'D3DTE4', 'Q5JS94', 'Q8IV19', 'Q9Y271']",CHEMBL614919,no_uni_id!,CHEMBL385,no_uni_id!,CHEMBL4977,"['P05412', 'Q6FHM7', 'Q96G93']",CHEMBL248,"['P08246', 'P09649', 'Q6B0D9', 'Q6LDP5']",,,,
CHEMBL4358,"['O19043', 'P12530']",CHEMBL352,no_uni_id!,CHEMBL612700,no_uni_id!,CHEMBL614058,no_uni_id!,CHEMBL332,"['P03956', 'P08156']",,,,
CHEMBL4644,"['P41968', 'Q4KN27', 'Q9H517']",CHEMBL353,no_uni_id!,CHEMBL612558,no_uni_id!,CHEMBL613107,no_uni_id!,CHEMBL321,"['B2R7V9', 'P14780', 'Q3LR70', 'Q8N725', 'Q9H4Z1', 'Q9UCJ9', 'Q9UCL1', 'Q9UDK2']",,,,
CHEMBL259,"['B2RAC3', 'P32245', 'Q16317', 'Q3MIJ6']",CHEMBL356,no_uni_id!,CHEMBL386,no_uni_id!,CHEMBL614068,no_uni_id!,CHEMBL299,"['B5BU22', 'P17252', 'Q15137', 'Q32M72', 'Q96RE4']",,,,
CHEMBL4608,"['B0YJ34', 'P33032', 'Q502V1']",CHEMBL614774,no_uni_id!,CHEMBL614720,no_uni_id!,CHEMBL3879801,no_uni_id!,CHEMBL3385,"['A8CZ58', 'B0LPG3', 'P27361', 'Q8NHX1']",,,,
CHEMBL216,"['P11229', 'Q96RH1']",CHEMBL1781,"['A8KA78', 'E1P5W3', 'O43256', 'P11387', 'Q12855', 'Q12856', 'Q15610', 'Q5TFY3', 'Q9UJN0']",CHEMBL614088,no_uni_id!,CHEMBL613690,no_uni_id!,CHEMBL4040,"['A8CZ64', 'P28482']",,,,
CHEMBL211,"['P08172', 'Q4VBK6', 'Q9P1X9']",CHEMBL2916,"['O14746', 'O14783', 'Q2XS35', 'Q8N6C3', 'Q8NG38', 'Q8NG46']",CHEMBL614177,no_uni_id!,CHEMBL368,no_uni_id!,CHEMBL260,"['A6ZJ92', 'A8K6P4', 'B0LPH0', 'B5TY32', 'O60776', 'Q13083', 'Q14084', 'Q16539', 'Q8TDX0']",,,,
CHEMBL245,"['P20309', 'Q0VAJ8', 'Q4QRI3', 'Q5VXY2', 'Q9HB60']",CHEMBL209,"['A1A509', 'A6NJ71', 'B2R5I5', 'P07477', 'Q5NV57', 'Q7M4N3', 'Q7M4N4', 'Q92955', 'Q9HAN4', 'Q9HAN5', 'Q9HAN6', 'Q9HAN7']",CHEMBL3879801,no_uni_id!,CHEMBL612851,no_uni_id!,CHEMBL4445,"['A1A441', 'A8K3B7', 'A8W6Z7', 'A8W6Z8', 'B5BUA2', 'Q08209', 'Q8TAW9']",,,,
CHEMBL1821,"['B2RPP4', 'P08173', 'Q0VD60', 'Q4VBK7']",CHEMBL612797,no_uni_id!,CHEMBL614179,no_uni_id!,CHEMBL364,no_uni_id!,CHEMBL203,"['O00688', 'O00732', 'P00533', 'P06268', 'Q14225', 'Q68GS5', 'Q92795', 'Q9BZS2', 'Q9GZX1', 'Q9H2C9', 'Q9H3C9', 'Q9UMD7', 'Q9UMD8', 'Q9UMG5']",,,,
CHEMBL2035,"['P08912', 'Q96RG7']",CHEMBL614647,no_uni_id!,CHEMBL614354,no_uni_id!,CHEMBL612849,no_uni_id!,CHEMBL1841,"['B5BU57', 'E1P557', 'H0UI48', 'P06241', 'Q16248', 'Q5R3A6', 'Q5R3A7', 'Q8N5D7']",,,,
CHEMBL4777,"['B2R6H5', 'P25929']",CHEMBL613532,no_uni_id!,CHEMBL375,no_uni_id!,CHEMBL612884,no_uni_id!,CHEMBL1824,"['B2RZG3', 'B4DHN3', 'P04626', 'Q14256', 'Q6LDV1', 'Q9UMK4', 'X5D2V5']",,,,
CHEMBL4018,"['P49146', 'Q13281', 'Q13457', 'Q4W5G7', 'Q6AZZ6', 'Q9UE67']",CHEMBL612816,no_uni_id!,CHEMBL389,no_uni_id!,CHEMBL612888,no_uni_id!,CHEMBL258,"['D3DPP8', 'P06239', 'P07100', 'Q12850', 'Q13152', 'Q5TDH8', 'Q5TDH9', 'Q7RTZ3', 'Q96DW4', 'Q9NYT8']",,,,
CHEMBL3048,"['P29476', 'P70594']",CHEMBL385,no_uni_id!,CHEMBL614997,no_uni_id!,CHEMBL612880,no_uni_id!,CHEMBL3243,"['A0A0A0MT22', 'A8K7W6', 'P08575', 'Q16614', 'Q9H0Y6', 'X6R433']",,,,
CHEMBL3464,"['O70515', 'O70516', 'P29477', 'Q5SXT3', 'Q6P6A0', 'Q8R410']",CHEMBL612262,no_uni_id!,CHEMBL614919,no_uni_id!,CHEMBL612853,no_uni_id!,CHEMBL273,['P19327'],,,,
CHEMBL236,"['B5B0B8', 'P41143']",CHEMBL397,no_uni_id!,CHEMBL614226,no_uni_id!,CHEMBL612877,no_uni_id!,CHEMBL3459,['P28564'],,,,
CHEMBL237,"['E5RHC9', 'P41145', 'Q499G4']",CHEMBL399,no_uni_id!,CHEMBL613126,no_uni_id!,CHEMBL367,no_uni_id!,CHEMBL224,"['B2RAC5', 'B4DZ79', 'F5GWE8', 'P28223', 'Q5T8C0']",,,,
CHEMBL233,"['B0FXJ1', 'B2R9S7', 'B8Q1L7', 'B8Q1L8', 'B8Q1L9', 'E7EWZ3', 'G8XRH6', 'G8XRH8', 'P35372', 'Q12930', 'Q4VWM1', 'Q4VWM2', 'Q4VWM3', 'Q4VWM4', 'Q4VWM6', 'Q4VWX6', 'Q5TDA1', 'Q6UPP1', 'Q6UQ80', 'Q7Z2D8', 'Q86V80', 'Q8IWW3', 'Q8IWW4', 'Q9UCZ4', 'Q9UN57']",CHEMBL614697,no_uni_id!,CHEMBL614234,no_uni_id!,CHEMBL612848,no_uni_id!,CHEMBL220,"['A4D2E2', 'B7ZKZ0', 'D6W5X7', 'P22303', 'Q16169', 'Q29S23', 'Q2M324', 'Q504V3', 'Q53F46', 'Q86TM9', 'Q86YX9', 'Q9BXP7']",,,,
CHEMBL1827,"['A0AV69', 'A8K2C4', 'O75026', 'O75887', 'O76074', 'Q86UI0', 'Q86V66', 'Q9Y6Z6']",CHEMBL614218,no_uni_id!,CHEMBL614140,no_uni_id!,CHEMBL612879,no_uni_id!,CHEMBL226,"['A6NFY5', 'A6NGP4', 'A8K1L3', 'B3KXQ4', 'D2CGD0', 'P30542', 'Q6FHK3', 'Q8TAM8']",,,,
CHEMBL250,"['A3KMC8', 'A8K2H5', 'P25105']",CHEMBL612263,no_uni_id!,CHEMBL614052,no_uni_id!,CHEMBL612855,no_uni_id!,CHEMBL251,"['B2R7E0', 'P29274']",,,,
CHEMBL240,"['A5H1P7', 'C4PFH9', 'D3DX04', 'O75418', 'O75680', 'Q12809', 'Q708S9', 'Q9BT72', 'Q9BUT7', 'Q9H3P0']",CHEMBL614519,no_uni_id!,CHEMBL614881,no_uni_id!,CHEMBL612348,no_uni_id!,CHEMBL256,"['A2A3P4', 'P0DMS8', 'P33765', 'Q6UWU0', 'Q9BYZ1']",,,,
CHEMBL1909044,['Q690N0'],CHEMBL614805,no_uni_id!,CHEMBL614027,no_uni_id!,CHEMBL613064,no_uni_id!,CHEMBL319,['P43140'],,,,
CHEMBL4074,"['O02852', 'P12822', 'P22968']",CHEMBL5209893,no_uni_id!,CHEMBL614930,no_uni_id!,CHEMBL390,no_uni_id!,CHEMBL315,"['P15823', 'Q63215']",,,,
CHEMBL4801,"['B5MDZ1', 'P29466', 'Q53EY6', 'Q6DMQ1', 'Q6GSS3', 'Q6PI75', 'Q9UCN3']",CHEMBL614036,no_uni_id!,CHEMBL612544,no_uni_id!,CHEMBL613264,no_uni_id!,CHEMBL223,"['P25100', 'Q9NPY0']",,,,
CHEMBL4071,"['P08311', 'Q6IBJ6', 'Q9UCA5', 'Q9UCU6']",CHEMBL614736,no_uni_id!,CHEMBL614055,no_uni_id!,CHEMBL361,no_uni_id!,CHEMBL1867,"['B0LPF6', 'P08913', 'Q2I8G2', 'Q2XN99', 'Q86TH8', 'Q9BZK1']",,,,
CHEMBL248,"['P08246', 'P09649', 'Q6B0D9', 'Q6LDP5']",CHEMBL392,no_uni_id!,CHEMBL612561,no_uni_id!,CHEMBL614696,no_uni_id!,CHEMBL1942,"['A2RUS0', 'P18089', 'Q4TUH9', 'Q53RF2', 'Q9BZK0']",,,,
CHEMBL332,"['P03956', 'P08156']",CHEMBL614004,no_uni_id!,CHEMBL612545,no_uni_id!,CHEMBL1963,"['A0PJU7', 'F5GYU5', 'G3V2A9', 'P16473', 'Q16503', 'Q8TB90', 'Q96GT6', 'Q9P1V4', 'Q9ULA3', 'Q9UPH3']",CHEMBL1916,"['P18825', 'P35369', 'Q9HB49']",,,,
CHEMBL321,"['B2R7V9', 'P14780', 'Q3LR70', 'Q8N725', 'Q9H4Z1', 'Q9UCJ9', 'Q9UCL1', 'Q9UDK2']",CHEMBL614822,no_uni_id!,CHEMBL615011,no_uni_id!,CHEMBL5619,"['P27695', 'Q969L5', 'Q99775']",CHEMBL213,"['B0LPE2', 'P08588', 'Q5T5Y4', 'Q9UKG7', 'Q9UKG8']",,,,
CHEMBL299,"['B5BU22', 'P17252', 'Q15137', 'Q32M72', 'Q96RE4']",CHEMBL614657,no_uni_id!,CHEMBL1820,['P06479'],CHEMBL4296432,no_uni_id!,CHEMBL210,"['B0LPE4', 'B2R7X2', 'O14823', 'O14824', 'O14825', 'O14826', 'P07550', 'Q4JG18', 'Q53GA6', 'Q6GMT4', 'Q6P4D8', 'Q8NEQ9', 'Q96EC3', 'Q9UCZ0', 'Q9UCZ1', 'Q9UCZ2', 'Q9UCZ3', 'Q9UH95', 'Q9UHA1', 'Q9UMZ5']",,,,
CHEMBL3385,"['A8CZ58', 'B0LPG3', 'P27361', 'Q8NHX1']",CHEMBL247,['Q72547'],CHEMBL1795127,"['P03176', 'Q9ENR2', 'Q9ENR3', 'Q9ENR4', 'Q9ENR5', 'Q9ENR6', 'Q9ENR7', 'Q9ENR8', 'Q9ENR9', 'Q9ICF2', 'Q9ICF3', 'Q9ICH1', 'Q9IR31', 'Q9IR32', 'Q9IR33', 'Q9IR34', 'Q9IR35', 'Q9IR36', 'Q9IR37', 'Q9IR38', 'Q9IR39', 'Q9IR40', 'Q9IYZ6', 'Q9IZ00', 'Q9IZ01', 'Q9IZ04', 'Q9IZ05', 'Q9IZ06', 'Q9IZ08', 'Q9IZ09', 'Q9QNF7']",CHEMBL1697861,no_uni_id!,CHEMBL246,"['P13945', 'Q4JFT4']",,,,
CHEMBL4040,"['A8CZ64', 'P28482']",CHEMBL394,no_uni_id!,CHEMBL2883,"['B2RC58', 'P04183', 'Q969V0', 'Q9UMG9']",CHEMBL1741209,"['Q05DH0', 'Q69YR6', 'Q96QE3', 'Q9H9I1']",CHEMBL222,"['B2R707', 'B4DX48', 'P23975', 'Q96KH8']",,,,
CHEMBL260,"['A6ZJ92', 'A8K6P4', 'B0LPH0', 'B5TY32', 'O60776', 'Q13083', 'Q14084', 'Q16539', 'Q8TDX0']",CHEMBL612518,no_uni_id!,CHEMBL4784,"['O57298', 'P09250', 'P0C0E5', 'P0C0E7', 'P14341', 'P14342', 'P14343', 'P14344']",CHEMBL1075094,"['B2RBU2', 'B4E338', 'E9PGJ7', 'Q16236', 'Q53RW6', 'Q59HH2', 'Q96F71']",CHEMBL2622,['P07943'],,,,
CHEMBL4445,"['A1A441', 'A8K3B7', 'A8W6Z7', 'A8W6Z8', 'B5BUA2', 'Q08209', 'Q8TAW9']",CHEMBL390,no_uni_id!,CHEMBL4580,"['B4DGJ7', 'B4DZK7', 'B7ZAB1', 'E5KNQ5', 'E9PH08', 'O00142', 'O15238']",CHEMBL5282,"['A7YAE5', 'B2R7F6', 'P00190', 'P10890', 'P11509', 'Q16803', 'Q4VAT9', 'Q4VAU0', 'Q4VAU1', 'Q9H1Z7', 'Q9UCU0', 'Q9UK48']",CHEMBL4607,"['B2R9V1', 'P50052', 'Q13016', 'Q6FGY7']",,,,
CHEMBL203,"['O00688', 'O00732', 'P00533', 'P06268', 'Q14225', 'Q68GS5', 'Q92795', 'Q9BZS2', 'Q9GZX1', 'Q9H2C9', 'Q9H3C9', 'Q9UMD7', 'Q9UMD8', 'Q9UMG5']",CHEMBL400,no_uni_id!,CHEMBL3160,['P07607'],CHEMBL1741193,"['P23197', 'P83916']",CHEMBL3157,['P30411'],,,,
CHEMBL1841,"['B5BU57', 'E1P557', 'H0UI48', 'P06241', 'Q16248', 'Q5R3A6', 'Q5R3A7', 'Q8N5D7']",CHEMBL3140325,no_uni_id!,CHEMBL612794,no_uni_id!,CHEMBL2047,"['A1L4K5', 'B7Z412', 'B7ZM06', 'F8VYG8', 'Q8NFP5', 'Q8NFP6', 'Q92943', 'Q96RI1']",CHEMBL1832,"['A0A0C4DG16', 'A4D1G6', 'F5H605', 'O14585', 'P30988', 'Q13941', 'Q5ZGL8', 'Q659U6', 'Q6DJU8', 'Q6T712']",,,,
CHEMBL1824,"['B2RZG3', 'B4DHN3', 'P04626', 'Q14256', 'Q6LDV1', 'Q9UMK4', 'X5D2V5']",CHEMBL3681,"['B1AX52', 'Q64133', 'Q8K0Z8']",CHEMBL613493,no_uni_id!,CHEMBL1795091,"['A7XA56', 'A7XA58', 'A7XA59', 'A7YVV7', 'B1APZ3', 'P49798']",CHEMBL1833,"['B2R9D5', 'P41595', 'Q53TI1', 'Q62221', 'Q6P523']",,,,
CHEMBL258,"['D3DPP8', 'P06239', 'P07100', 'Q12850', 'Q13152', 'Q5TDH8', 'Q5TDH9', 'Q7RTZ3', 'Q96DW4', 'Q9NYT8']",CHEMBL3050,"['Q14CG9', 'Q8BW75', 'Q8C0B2']",CHEMBL391,no_uni_id!,CHEMBL3979,"['A8K6J6', 'B4E3V3', 'B6ZGS1', 'B7Z3W1', 'E9PE18', 'Q03181', 'Q5D1P0', 'Q7Z5K0', 'Q9BUD4']",CHEMBL225,"['B1AMW4', 'P28335', 'Q5VUF8', 'Q9NP28']",,,,
CHEMBL3243,"['A0A0A0MT22', 'A8K7W6', 'P08575', 'Q16614', 'Q9H0Y6', 'X6R433']",CHEMBL372,no_uni_id!,CHEMBL614257,no_uni_id!,CHEMBL5150,"['O02653', 'Q27757']",CHEMBL5017,['O70528'],,,,
CHEMBL273,['P19327'],CHEMBL614561,no_uni_id!,CHEMBL615002,no_uni_id!,CHEMBL1909043,['A6XA80'],CHEMBL3371,"['P50406', 'Q13640', 'Q5TGZ1']",,,,
CHEMBL3459,['P28564'],CHEMBL614818,no_uni_id!,CHEMBL614194,no_uni_id!,CHEMBL1798,"['B2R954', 'D3DTE4', 'Q5JS94', 'Q8IV19', 'Q9Y271']",CHEMBL228,"['P31645', 'Q5EE02']",,,,
CHEMBL224,"['B2RAC5', 'B4DZ79', 'F5GWE8', 'P28223', 'Q5T8C0']",CHEMBL613977,no_uni_id!,CHEMBL613362,no_uni_id!,CHEMBL4358,"['O19043', 'P12530']",CHEMBL287,"['D3DRM7', 'O00673', 'O00725', 'Q0Z9W6', 'Q153Z1', 'Q2TSD1', 'Q53GN2', 'Q7Z653', 'Q8N7H3', 'Q99720', 'Q9NYX0']",,,,
CHEMBL220,"['A4D2E2', 'B7ZKZ0', 'D6W5X7', 'P22303', 'Q16169', 'Q29S23', 'Q2M324', 'Q504V3', 'Q53F46', 'Q86TM9', 'Q86YX9', 'Q9BXP7']",CHEMBL614284,no_uni_id!,CHEMBL613580,no_uni_id!,CHEMBL4644,"['P41968', 'Q4KN27', 'Q9H517']",CHEMBL249,"['A8K150', 'P25103']",,,,
CHEMBL226,"['A6NFY5', 'A6NGP4', 'A8K1L3', 'B3KXQ4', 'D2CGD0', 'P30542', 'Q6FHK3', 'Q8TAM8']",CHEMBL361,no_uni_id!,CHEMBL613589,no_uni_id!,CHEMBL259,"['B2RAC3', 'P32245', 'Q16317', 'Q3MIJ6']",CHEMBL2327,"['A8K7I1', 'P21452', 'Q4QRI5', 'Q8NGQ8', 'Q9UDE6', 'Q9UDE7']",,,,
CHEMBL251,"['B2R7E0', 'P29274']",CHEMBL1293237,"['P54132', 'Q52M96']",CHEMBL613563,no_uni_id!,CHEMBL4608,"['B0YJ34', 'P33032', 'Q502V1']",CHEMBL3072,"['P15207', 'Q63049']",,,,
CHEMBL256,"['A2A3P4', 'P0DMS8', 'P33765', 'Q6UWU0', 'Q9BYZ1']",CHEMBL614696,no_uni_id!,CHEMBL396,no_uni_id!,CHEMBL1951,"['B4DF46', 'P21397', 'Q16426']",CHEMBL1835,"['B4DJG6', 'E7EMU9', 'E7EP08', 'E7ESB5', 'O14987', 'P24557', 'Q16843', 'Q16844', 'Q8IUN1', 'Q96CN2', 'Q9GZW4', 'Q9HD77', 'Q9HD78', 'Q9HD79', 'Q9HD80', 'Q9HD81', 'Q9HD82', 'Q9HD83', 'Q9HD84']",,,,
CHEMBL319,['P43140'],CHEMBL1293317,"['E9PBW7', 'O43311', 'O43797', 'Q86UV8', 'Q86UV9', 'Q96P92', 'Q96RE3', 'Q9NR56']",CHEMBL394,no_uni_id!,CHEMBL216,"['P11229', 'Q96RH1']",CHEMBL1868,"['A3E342', 'A3E344', 'A8KA71', 'B0LPF1', 'B2BF46', 'B2BF47', 'B2BF48', 'B3FR89', 'B5A923', 'F5H5L6', 'O60722', 'P16057', 'P17948', 'Q12954']",,,,
CHEMBL315,"['P15823', 'Q63215']",CHEMBL1293248,['Q9F4F7'],CHEMBL614069,no_uni_id!,CHEMBL211,"['P08172', 'Q4VBK6', 'Q9P1X9']",CHEMBL5144,"['A5JUT9', 'B3KPV1', 'B4DEB5', 'B4DGI4', 'F5H1F5', 'G3V0I1', 'P32241', 'Q15871', 'Q6P2M6']",,,,
CHEMBL223,"['P25100', 'Q9NPY0']",CHEMBL1293238,['P97697'],CHEMBL392,no_uni_id!,CHEMBL245,"['P20309', 'Q0VAJ8', 'Q4QRI3', 'Q5VXY2', 'Q9HB60']",CHEMBL1889,['P37288'],,,,
CHEMBL1867,"['B0LPF6', 'P08913', 'Q2I8G2', 'Q2XN99', 'Q86TH8', 'Q9BZK1']",CHEMBL1293303,['Q194T2'],CHEMBL612570,no_uni_id!,CHEMBL1821,"['B2RPP4', 'P08173', 'Q0VD60', 'Q4VBK7']",CHEMBL218,"['B2R9T4', 'E1P512', 'P21554', 'Q13949', 'Q495Z0', 'Q4PLI4', 'Q4VBM6', 'Q5JVL5', 'Q5UB37', 'Q9UNN0']",,,,
CHEMBL1942,"['A2RUS0', 'P18089', 'Q4TUH9', 'Q53RF2', 'Q9BZK0']",CHEMBL1293254,"['P02791', 'Q53VB4']",CHEMBL354,no_uni_id!,CHEMBL2035,"['P08912', 'Q96RG7']",CHEMBL205,"['P00918', 'B2R7G8', 'Q6FI12', 'Q96ET9']",,,,
CHEMBL1916,"['P18825', 'P35369', 'Q9HB49']",CHEMBL1293224,"['P10636', 'P18518', 'Q14799', 'Q15549', 'Q15550', 'Q15551', 'Q1RMF6', 'Q53YB1', 'Q5CZI7', 'Q5XWF0', 'Q6QT54', 'Q9UDJ3', 'Q9UMH0', 'Q9UQ96']",CHEMBL614621,no_uni_id!,CHEMBL4777,"['B2R6H5', 'P25929']",CHEMBL4015,"['A0AVQ3', 'B2RMT0', 'O95950', 'P41597', 'Q4VBL2']",,,,
CHEMBL213,"['B0LPE2', 'P08588', 'Q5T5Y4', 'Q9UKG7', 'Q9UKG8']",CHEMBL5990,"['E9PFZ0', 'O15129', 'P38398', 'Q1RMC1', 'Q3LRJ0', 'Q3LRJ6', 'Q6IN79', 'Q7KYU9']",CHEMBL352,no_uni_id!,CHEMBL4018,"['P49146', 'Q13281', 'Q13457', 'Q4W5G7', 'Q6AZZ6', 'Q9UE67']",CHEMBL2414,"['P51679', 'Q9ULY6', 'Q9ULY7']",,,,
CHEMBL210,"['B0LPE4', 'B2R7X2', 'O14823', 'O14824', 'O14825', 'O14826', 'P07550', 'Q4JG18', 'Q53GA6', 'Q6GMT4', 'Q6P4D8', 'Q8NEQ9', 'Q96EC3', 'Q9UCZ0', 'Q9UCZ1', 'Q9UCZ2', 'Q9UCZ3', 'Q9UH95', 'Q9UHA1', 'Q9UMZ5']",CHEMBL4261,"['C0LZJ3', 'Q16665', 'Q53XP6', 'Q96PT9', 'Q9UPB1']",CHEMBL356,no_uni_id!,CHEMBL3048,"['P29476', 'P70594']",CHEMBL274,"['O14692', 'O14693', 'O14695', 'O14696', 'O14697', 'O14698', 'O14699', 'O14700', 'O14701', 'O14702', 'O14703', 'O14704', 'O14705', 'O14706', 'O14707', 'O14708', 'O15538', 'P51681', 'Q9UPA4']",,,,
CHEMBL246,"['P13945', 'Q4JFT4']",CHEMBL3577,"['O00768', 'P00352', 'Q5SYR1']",CHEMBL613977,no_uni_id!,CHEMBL3464,"['O70515', 'O70516', 'P29477', 'Q5SXT3', 'Q6P6A0', 'Q8R410']",CHEMBL4029,"['B2R6Q3', 'P25024', 'Q2YEF8', 'Q2YEG4', 'Q2YEG5', 'Q2YEG7', 'Q2YEG8', 'Q53R18', 'Q6IN95', 'Q8N6T6', 'Q9P2T8', 'Q9P2T9', 'Q9P2U0', 'Q9P2U1', 'Q9P2U2']",,,,
CHEMBL222,"['B2R707', 'B4DX48', 'P23975', 'Q96KH8']",CHEMBL4040,"['A8CZ64', 'P28482']",CHEMBL384,no_uni_id!,CHEMBL236,"['B5B0B8', 'P41143']",CHEMBL2434,"['P25025', 'Q8IUZ1', 'Q9P2T6', 'Q9P2T7']",,,,
CHEMBL2622,['P07943'],CHEMBL4372,"['P15917', 'Q8KYJ6', 'Q933F6']",CHEMBL2094266,['P05696'],CHEMBL237,"['E5RHC9', 'P41145', 'Q499G4']",CHEMBL1901,"['B2R9Z5', 'P32238']",,,,
CHEMBL4607,"['B2R9V1', 'P50052', 'Q13016', 'Q6FGY7']",CHEMBL2093861,"['A5HBC6', 'A5HBC7', 'A5HBC8', 'A5HBC9', 'A5HBD0', 'A5HBD1', 'A5HBD2', 'O00255', 'O00632', 'Q9BUF0', 'Q9BUK2']",CHEMBL267,"['E1P5V4', 'P12931', 'Q76P87', 'Q86VB9', 'Q9H5A8']",CHEMBL233,"['B0FXJ1', 'B2R9S7', 'B8Q1L7', 'B8Q1L8', 'B8Q1L9', 'E7EWZ3', 'G8XRH6', 'G8XRH8', 'P35372', 'Q12930', 'Q4VWM1', 'Q4VWM2', 'Q4VWM3', 'Q4VWM4', 'Q4VWM6', 'Q4VWX6', 'Q5TDA1', 'Q6UPP1', 'Q6UQ80', 'Q7Z2D8', 'Q86V80', 'Q8IWW3', 'Q8IWW4', 'Q9UCZ4', 'Q9UN57']",CHEMBL221,"['A8K1V7', 'B4DHQ2', 'B4E2S5', 'P23219', 'Q15122', 'Q3HY28', 'Q3HY29', 'Q5T7T6', 'Q5T7T7', 'Q5T7T8']",,,,
CHEMBL3157,['P30411'],CHEMBL1293234,"['A8B2U2', 'O97447']",CHEMBL3681,"['B1AX52', 'Q64133', 'Q8K0Z8']",CHEMBL1827,"['A0AV69', 'A8K2C4', 'O75026', 'O75887', 'O76074', 'Q86UI0', 'Q86V66', 'Q9Y6Z6']",CHEMBL230,"['A8K802', 'P35354', 'Q16876']",,,,
CHEMBL1832,"['A0A0C4DG16', 'A4D1G6', 'F5H605', 'O14585', 'P30988', 'Q13941', 'Q5ZGL8', 'Q659U6', 'Q6DJU8', 'Q6T712']",CHEMBL1963,"['A0PJU7', 'F5GYU5', 'G3V2A9', 'P16473', 'Q16503', 'Q8TB90', 'Q96GT6', 'Q9P1V4', 'Q9ULA3', 'Q9UPH3']",CHEMBL3050,"['Q14CG9', 'Q8BW75', 'Q8C0B2']",CHEMBL250,"['A3KMC8', 'A8K2H5', 'P25105']",CHEMBL3356,"['P05177', 'Q16754', 'Q6NWU3', 'Q6NWU5', 'Q9BXX7', 'Q9UK49']",,,,
CHEMBL1833,"['B2R9D5', 'P41595', 'Q53TI1', 'Q62221', 'Q6P523']",CHEMBL1293277,"['B4DET3', 'O15118', 'Q9P130']",CHEMBL379,no_uni_id!,CHEMBL240,"['A5H1P7', 'C4PFH9', 'D3DX04', 'O75418', 'O75680', 'Q12809', 'Q708S9', 'Q9BT72', 'Q9BUT7', 'Q9H3P0']",CHEMBL5282,"['A7YAE5', 'B2R7F6', 'P00190', 'P10890', 'P11509', 'Q16803', 'Q4VAT9', 'Q4VAU0', 'Q4VAU1', 'Q9H1Z7', 'Q9UCU0', 'Q9UK48']",,,,
CHEMBL225,"['B1AMW4', 'P28335', 'Q5VUF8', 'Q9NP28']",CHEMBL1293299,"['E9PQG7', 'Q03164', 'Q13743', 'Q13744', 'Q14845', 'Q16364', 'Q59FF2', 'Q6UBD1', 'Q9HBJ3', 'Q9UD94', 'Q9UMA3']",CHEMBL372,no_uni_id!,CHEMBL1909044,['Q690N0'],CHEMBL3622,"['P33259', 'P33261', 'Q8WZB1', 'Q8WZB2', 'Q9UCD4']",,,,
CHEMBL5017,['O70528'],CHEMBL5619,"['P27695', 'Q969L5', 'Q99775']",CHEMBL614935,no_uni_id!,CHEMBL4074,"['O02852', 'P12822', 'P22968']",CHEMBL3397,"['P11712', 'P11713', 'Q16756', 'Q16872', 'Q5VX92', 'Q6IRV8', 'Q8WW80']",,,,
CHEMBL3371,"['P50406', 'Q13640', 'Q5TGZ1']",CHEMBL1293227,"['B0YJB8', 'E9PPM2', 'O75604', 'Q8IUM2', 'Q8IW04', 'Q96MB9', 'Q9BQ21']",CHEMBL614361,no_uni_id!,CHEMBL4801,"['B5MDZ1', 'P29466', 'Q53EY6', 'Q6DMQ1', 'Q6GSS3', 'Q6PI75', 'Q9UCN3']",CHEMBL289,"['P10635', 'Q16752', 'Q2XND6', 'Q2XND7', 'Q2XNE0', 'Q6B012', 'Q6NXU8']",,,,
CHEMBL228,"['P31645', 'Q5EE02']",CHEMBL1947,"['B3KU79', 'P10828', 'P37243', 'Q13986', 'Q3KP35', 'Q6WGL2', 'Q9UD41']",CHEMBL613835,no_uni_id!,CHEMBL4071,"['P08311', 'Q6IBJ6', 'Q9UCA5', 'Q9UCU6']",CHEMBL5281,"['P05181', 'Q5VZD5', 'Q6NWT9', 'Q9UK47']",,,,
CHEMBL287,"['D3DRM7', 'O00673', 'O00725', 'Q0Z9W6', 'Q153Z1', 'Q2TSD1', 'Q53GN2', 'Q7Z653', 'Q8N7H3', 'Q99720', 'Q9NYX0']",CHEMBL1293236,"['A8K6G2', 'P46063']",CHEMBL612262,no_uni_id!,CHEMBL248,"['P08246', 'P09649', 'Q6B0D9', 'Q6LDP5']",CHEMBL340,"['P05184', 'P08684', 'Q16757', 'Q9UK50']",,,,
CHEMBL249,"['A8K150', 'P25103']",CHEMBL2095165,"['A8K500', 'B3KPJ9', 'P07900', 'Q2PP14', 'Q5CAQ6', 'Q5CAQ7', 'Q9BVQ5']",CHEMBL368,no_uni_id!,CHEMBL332,"['P03956', 'P08156']",CHEMBL2056,"['B2RA44', 'P21728', 'Q4QRJ0']",,,,
CHEMBL2327,"['A8K7I1', 'P21452', 'Q4QRI5', 'Q8NGQ8', 'Q9UDE6', 'Q9UDE7']",CHEMBL4159,"['Q5H927', 'Q6IBS9', 'Q8TCV9', 'Q96HD5', 'Q99714']",CHEMBL612851,no_uni_id!,CHEMBL321,"['B2R7V9', 'P14780', 'Q3LR70', 'Q8N725', 'Q9H4Z1', 'Q9UCJ9', 'Q9UCL1', 'Q9UDK2']",CHEMBL217,"['P14416', 'Q9NZR3', 'Q9UPA9']",,,,
CHEMBL3072,"['P15207', 'Q63049']",CHEMBL1293226,['B2RXH2'],CHEMBL364,no_uni_id!,CHEMBL299,"['B5BU22', 'P17252', 'Q15137', 'Q32M72', 'Q96RE4']",CHEMBL234,"['A1A4V5', 'P35462', 'Q4VBM8']",,,,
CHEMBL1835,"['B4DJG6', 'E7EMU9', 'E7EP08', 'E7ESB5', 'O14987', 'P24557', 'Q16843', 'Q16844', 'Q8IUN1', 'Q96CN2', 'Q9GZW4', 'Q9HD77', 'Q9HD78', 'Q9HD79', 'Q9HD80', 'Q9HD81', 'Q9HD82', 'Q9HD83', 'Q9HD84']",CHEMBL5514,"['P42858', 'Q9UQB7']",CHEMBL612849,no_uni_id!,CHEMBL3385,"['A8CZ58', 'B0LPG3', 'P27361', 'Q8NHX1']",CHEMBL219,"['B0M0J7', 'P21917', 'Q7Z7Q5', 'Q8NGM5']",,,,
CHEMBL1868,"['A3E342', 'A3E344', 'A8KA71', 'B0LPF1', 'B2BF46', 'B2BF47', 'B2BF48', 'B3FR89', 'B5A923', 'F5H5L6', 'O60722', 'P16057', 'P17948', 'Q12954']",CHEMBL4096,"['P04637', 'Q15086', 'Q15087', 'Q15088', 'Q16535', 'Q16807', 'Q16808', 'Q16809', 'Q16810', 'Q16811', 'Q16848', 'Q2XN98', 'Q3LRW1', 'Q3LRW2', 'Q3LRW3', 'Q3LRW4', 'Q3LRW5', 'Q86UG1', 'Q8J016', 'Q99659', 'Q9BTM4', 'Q9HAQ8', 'Q9NP68', 'Q9NPJ2', 'Q9NZD0', 'Q9UBI2', 'Q9UQ61']",CHEMBL612884,no_uni_id!,CHEMBL4040,"['A8CZ64', 'P28482']",CHEMBL238,"['A2RUN4', 'Q01959', 'Q14996']",,,,
CHEMBL5144,"['A5JUT9', 'B3KPV1', 'B4DEB5', 'B4DGI4', 'F5H1F5', 'G3V0I1', 'P32241', 'Q15871', 'Q6P2M6']",CHEMBL5162,"['A2RTZ4', 'Q2XP58', 'Q56H76', 'Q56H77', 'Q56H78', 'Q6JSL4', 'Q6JSL5', 'Q6JSL6', 'Q6JSL7', 'Q6JSL8', 'Q6W5P3', 'Q6W5P4', 'Q6ZMB8']",CHEMBL612888,no_uni_id!,CHEMBL260,"['A6ZJ92', 'A8K6P4', 'B0LPH0', 'B5TY32', 'O60776', 'Q13083', 'Q14084', 'Q16539', 'Q8TDX0']",CHEMBL252,"['B2R723', 'B4E2V6', 'B7Z9G6', 'D3DP03', 'E7ER36', 'O43441', 'P25101', 'Q16432', 'Q16433', 'Q8TBH2']",,,,
CHEMBL1889,['P37288'],CHEMBL2392,"['B2RC78', 'P06746', 'Q3KP48', 'Q6FI34']",CHEMBL612880,no_uni_id!,CHEMBL4445,"['A1A441', 'A8K3B7', 'A8W6Z7', 'A8W6Z8', 'B5BUA2', 'Q08209', 'Q8TAW9']",CHEMBL206,"['P03372', 'Q13511', 'Q14276', 'Q5T5H7', 'Q6MZQ9', 'Q9NU51', 'Q9UDZ7', 'Q9UIS7']",,,,
CHEMBL218,"['B2R9T4', 'E1P512', 'P21554', 'Q13949', 'Q495Z0', 'Q4PLI4', 'Q4VBM6', 'Q5JVL5', 'Q5UB37', 'Q9UNN0']",CHEMBL1293231,"['E9Q8I1', 'P51450', 'Q3U513', 'Q61027', 'Q91YT5', 'Q9QXD9', 'Q9R177']",CHEMBL612853,no_uni_id!,CHEMBL203,"['O00688', 'O00732', 'P00533', 'P06268', 'Q14225', 'Q68GS5', 'Q92795', 'Q9BZS2', 'Q9GZX1', 'Q9H2C9', 'Q9H3C9', 'Q9UMD7', 'Q9UMD8', 'Q9UMG5']",CHEMBL242,"['A8K8K5', 'G3V5M5', 'O60608', 'O60685', 'O60702', 'O60703', 'O75583', 'O75584', 'Q0MWT5', 'Q0MWT6', 'Q86Z31', 'Q92731', 'Q9UEV6', 'Q9UHD3', 'Q9UQK9']",,,,
CHEMBL205,"['P00918', 'B2R7G8', 'Q6FI12', 'Q96ET9']",CHEMBL340,"['P05184', 'P08684', 'Q16757', 'Q9UK50']",CHEMBL612877,no_uni_id!,CHEMBL1841,"['B5BU57', 'E1P557', 'H0UI48', 'P06241', 'Q16248', 'Q5R3A6', 'Q5R3A7', 'Q8N5D7']",CHEMBL3392921,"['P22771', 'Q91W28']",,,,
CHEMBL4015,"['A0AVQ3', 'B2RMT0', 'O95950', 'P41597', 'Q4VBL2']",CHEMBL1615322,[],CHEMBL367,no_uni_id!,CHEMBL1824,"['B2RZG3', 'B4DHN3', 'P04626', 'Q14256', 'Q6LDV1', 'Q9UMK4', 'X5D2V5']",CHEMBL231,"['A8K047', 'P35367', 'Q6P9E5']",,,,
CHEMBL2414,"['P51679', 'Q9ULY6', 'Q9ULY7']",CHEMBL1075138,"['Q2HXX4', 'Q86TV8', 'Q96BK7', 'Q9NUW8', 'Q9NZM7', 'Q9NZM8']",CHEMBL612848,no_uni_id!,CHEMBL258,"['D3DPP8', 'P06239', 'P07100', 'Q12850', 'Q13152', 'Q5TDH8', 'Q5TDH9', 'Q7RTZ3', 'Q96DW4', 'Q9NYT8']",CHEMBL1941,"['B5BUP7', 'P25021', 'Q14464', 'Q7Z5R9']",,,,
CHEMBL274,"['O14692', 'O14693', 'O14695', 'O14696', 'O14697', 'O14698', 'O14699', 'O14700', 'O14701', 'O14702', 'O14703', 'O14704', 'O14705', 'O14706', 'O14707', 'O14708', 'O15538', 'P51681', 'Q9UPA4']",CHEMBL1293296,"['O70457', 'P35214', 'P61981', 'Q6FH52', 'Q9UDP2', 'Q9UN99']",CHEMBL612879,no_uni_id!,CHEMBL3243,"['A0A0A0MT22', 'A8K7W6', 'P08575', 'Q16614', 'Q9H0Y6', 'X6R433']",CHEMBL402,"['B7Z3Y9', 'P04035', 'Q8N190']",,,,
CHEMBL4029,"['B2R6Q3', 'P25024', 'Q2YEF8', 'Q2YEG4', 'Q2YEG5', 'Q2YEG7', 'Q2YEG8', 'Q53R18', 'Q6IN95', 'Q8N6T6', 'Q9P2T8', 'Q9P2T9', 'Q9P2U0', 'Q9P2U1', 'Q9P2U2']",CHEMBL1293294,"['A8K390', 'P51151', 'Q6ICN1']",CHEMBL612855,no_uni_id!,CHEMBL273,['P19327'],CHEMBL5486,"['P15127', 'P97681']",,,,
CHEMBL2434,"['P25025', 'Q8IUZ1', 'Q9P2T6', 'Q9P2T7']",CHEMBL1293232,"['A8K0V4', 'Q13119', 'Q16637', 'Q549U5', 'Q96J51']",CHEMBL612348,no_uni_id!,CHEMBL3459,['P28564'],CHEMBL614078,no_uni_id!,,,,
CHEMBL1901,"['B2R9Z5', 'P32238']",CHEMBL395,no_uni_id!,CHEMBL613064,no_uni_id!,CHEMBL224,"['B2RAC5', 'B4DZ79', 'F5GWE8', 'P28223', 'Q5T8C0']",CHEMBL614054,no_uni_id!,,,,
CHEMBL221,"['A8K1V7', 'B4DHQ2', 'B4E2S5', 'P23219', 'Q15122', 'Q3HY28', 'Q3HY29', 'Q5T7T6', 'Q5T7T7', 'Q5T7T8']",CHEMBL391,no_uni_id!,CHEMBL395,no_uni_id!,CHEMBL220,"['A4D2E2', 'B7ZKZ0', 'D6W5X7', 'P22303', 'Q16169', 'Q29S23', 'Q2M324', 'Q504V3', 'Q53F46', 'Q86TM9', 'Q86YX9', 'Q9BXP7']",CHEMBL614997,no_uni_id!,,,,
CHEMBL230,"['A8K802', 'P35354', 'Q16876']",CHEMBL1806,"['B2RTS1', 'P11388', 'Q71UN1', 'Q71UQ5', 'Q9HB24', 'Q9HB25', 'Q9HB26', 'Q9UP44', 'Q9UQP9']",CHEMBL614279,no_uni_id!,CHEMBL226,"['A6NFY5', 'A6NGP4', 'A8K1L3', 'B3KXQ4', 'D2CGD0', 'P30542', 'Q6FHK3', 'Q8TAM8']",CHEMBL614519,no_uni_id!,,,,
CHEMBL3356,"['P05177', 'Q16754', 'Q6NWU3', 'Q6NWU5', 'Q9BXX7', 'Q9UK49']",CHEMBL612879,no_uni_id!,CHEMBL1293298,"['Q01453', 'Q8WV01']",CHEMBL251,"['B2R7E0', 'P29274']",CHEMBL614388,no_uni_id!,,,,
CHEMBL5282,"['A7YAE5', 'B2R7F6', 'P00190', 'P10890', 'P11509', 'Q16803', 'Q4VAT9', 'Q4VAU0', 'Q4VAU1', 'Q9H1Z7', 'Q9UCU0', 'Q9UK48']",CHEMBL1697861,no_uni_id!,CHEMBL1293248,['Q9F4F7'],CHEMBL256,"['A2A3P4', 'P0DMS8', 'P33765', 'Q6UWU0', 'Q9BYZ1']",CHEMBL613889,no_uni_id!,,,,
CHEMBL3622,"['P33259', 'P33261', 'Q8WZB1', 'Q8WZB2', 'Q9UCD4']",CHEMBL1741220,"['D3DPA8', 'Q96EA1', 'Q96SQ8', 'Q9P252', 'Q9UIF8', 'Q9Y4N8']",CHEMBL1293235,"['B4DI32', 'D3DVB0', 'D6RAQ3', 'E7EUI9', 'P02545', 'P02546', 'Q5I6Y4', 'Q5I6Y6', 'Q5TCJ2', 'Q5TCJ3', 'Q6UYC3', 'Q969I8', 'Q96JA2']",CHEMBL319,['P43140'],CHEMBL383,no_uni_id!,,,,
CHEMBL3397,"['P11712', 'P11713', 'Q16756', 'Q16872', 'Q5VX92', 'Q6IRV8', 'Q8WW80']",CHEMBL2457,"['D3DTR2', 'O15296', 'Q8IYQ2', 'Q8TEV3', 'Q8TEV4', 'Q8TEV5', 'Q8TEV6', 'Q9UKM4']",CHEMBL3577,"['O00768', 'P00352', 'Q5SYR1']",CHEMBL315,"['P15823', 'Q63215']",CHEMBL613508,no_uni_id!,,,,
CHEMBL289,"['P10635', 'Q16752', 'Q2XND6', 'Q2XND7', 'Q2XNE0', 'Q6B012', 'Q6NXU8']",CHEMBL1741209,"['Q05DH0', 'Q69YR6', 'Q96QE3', 'Q9H9I1']",CHEMBL2842,"['P42345', 'Q4LE76', 'Q5TER1', 'Q6LE87', 'Q96QG3', 'Q9Y4I3']",CHEMBL223,"['P25100', 'Q9NPY0']",CHEMBL614860,no_uni_id!,,,,
CHEMBL5281,"['P05181', 'Q5VZD5', 'Q6NWT9', 'Q9UK47']",CHEMBL2093862,"['A8MV94', 'B2RMS4', 'D3DSG1', 'O60472', 'O60473', 'O76047', 'O76089', 'Q01196', 'Q13081', 'Q13755', 'Q13756', 'Q13757', 'Q13758', 'Q13759', 'Q15341', 'Q15343', 'Q16122', 'Q16284', 'Q16285', 'Q16286', 'Q16346', 'Q16347', 'Q92479']",CHEMBL1293226,['B2RXH2'],CHEMBL1867,"['B0LPF6', 'P08913', 'Q2I8G2', 'Q2XN99', 'Q86TH8', 'Q9BZK1']",CHEMBL614922,no_uni_id!,,,,
CHEMBL340,"['P05184', 'P08684', 'Q16757', 'Q9UK50']",CHEMBL5896,"['O75164', 'Q5VVB1']",CHEMBL5162,"['A2RTZ4', 'Q2XP58', 'Q56H76', 'Q56H77', 'Q56H78', 'Q6JSL4', 'Q6JSL5', 'Q6JSL6', 'Q6JSL7', 'Q6JSL8', 'Q6W5P3', 'Q6W5P4', 'Q6ZMB8']",CHEMBL1942,"['A2RUS0', 'P18089', 'Q4TUH9', 'Q53RF2', 'Q9BZK0']",CHEMBL614021,no_uni_id!,,,,
CHEMBL2056,"['B2RA44', 'P21728', 'Q4QRJ0']",CHEMBL1075094,"['B2RBU2', 'B4E338', 'E9PGJ7', 'Q16236', 'Q53RW6', 'Q59HH2', 'Q96F71']",CHEMBL2392,"['B2RC78', 'P06746', 'Q3KP48', 'Q6FI34']",CHEMBL1916,"['P18825', 'P35369', 'Q9HB49']",CHEMBL385,no_uni_id!,,,,
CHEMBL217,"['P14416', 'Q9NZR3', 'Q9UPA9']",CHEMBL612408,no_uni_id!,CHEMBL5619,"['P27695', 'Q969L5', 'Q99775']",CHEMBL213,"['B0LPE2', 'P08588', 'Q5T5Y4', 'Q9UKG7', 'Q9UKG8']",CHEMBL614516,no_uni_id!,,,,
CHEMBL234,"['A1A4V5', 'P35462', 'Q4VBM8']",CHEMBL6032,"['B0UZY2', 'Q14349', 'Q5JP83', 'Q5JQ92', 'Q5JQA1', 'Q5JQG3', 'Q6PK06', 'Q96KQ7', 'Q96MH5', 'Q96QD0', 'Q9UQL8', 'Q9Y331']",CHEMBL2524,"['P06280', 'Q6LER7']",CHEMBL210,"['B0LPE4', 'B2R7X2', 'O14823', 'O14824', 'O14825', 'O14826', 'P07550', 'Q4JG18', 'Q53GA6', 'Q6GMT4', 'Q6P4D8', 'Q8NEQ9', 'Q96EC3', 'Q9UCZ0', 'Q9UCZ1', 'Q9UCZ2', 'Q9UCZ3', 'Q9UH95', 'Q9UHA1', 'Q9UMZ5']",CHEMBL614213,no_uni_id!,,,,
CHEMBL219,"['B0M0J7', 'P21917', 'Q7Z7Q5', 'Q8NGM5']",CHEMBL6157,"['Q99816', 'Q9BUM5']",CHEMBL1293285,"['P0A6C1', 'P12638', 'P78086', 'Q2MAS0']",CHEMBL246,"['P13945', 'Q4JFT4']",CHEMBL614177,no_uni_id!,,,,
CHEMBL238,"['A2RUN4', 'Q01959', 'Q14996']",CHEMBL5501,"['Q8N1A2', 'Q92830', 'Q9UCW1']",CHEMBL1947,"['B3KU79', 'P10828', 'P37243', 'Q13986', 'Q3KP35', 'Q6WGL2', 'Q9UD41']",CHEMBL222,"['B2R707', 'B4DX48', 'P23975', 'Q96KH8']",CHEMBL614643,no_uni_id!,,,,
CHEMBL252,"['B2R723', 'B4E2V6', 'B7Z9G6', 'D3DP03', 'E7ER36', 'O43441', 'P25101', 'Q16432', 'Q16433', 'Q8TBH2']",CHEMBL1741163,['O40947'],CHEMBL1293232,"['A8K0V4', 'Q13119', 'Q16637', 'Q549U5', 'Q96J51']",CHEMBL2622,['P07943'],CHEMBL613829,no_uni_id!,,,,
CHEMBL242,"['A8K8K5', 'G3V5M5', 'O60608', 'O60685', 'O60702', 'O60703', 'O75583', 'O75584', 'Q0MWT5', 'Q0MWT6', 'Q86Z31', 'Q92731', 'Q9UEV6', 'Q9UHD3', 'Q9UQK9']",CHEMBL5686,['O15648'],CHEMBL1293278,"['B3KMM8', 'O75496', 'Q9H1Z1']",CHEMBL4607,"['B2R9V1', 'P50052', 'Q13016', 'Q6FGY7']",CHEMBL615022,no_uni_id!,,,,
CHEMBL3392921,"['P22771', 'Q91W28']",CHEMBL289,"['P10635', 'Q16752', 'Q2XND6', 'Q2XND7', 'Q2XNE0', 'Q6B012', 'Q6NXU8']",CHEMBL1697861,no_uni_id!,CHEMBL3157,['P30411'],CHEMBL612555,no_uni_id!,,,,
CHEMBL231,"['A8K047', 'P35367', 'Q6P9E5']",CHEMBL3356,"['P05177', 'Q16754', 'Q6NWU3', 'Q6NWU5', 'Q9BXX7', 'Q9UK49']",CHEMBL1626541,no_uni_id!,CHEMBL1832,"['A0A0C4DG16', 'A4D1G6', 'F5H605', 'O14585', 'P30988', 'Q13941', 'Q5ZGL8', 'Q659U6', 'Q6DJU8', 'Q6T712']",CHEMBL614214,no_uni_id!,,,,
CHEMBL1941,"['B5BUP7', 'P25021', 'Q14464', 'Q7Z5R9']",CHEMBL3622,"['P33259', 'P33261', 'Q8WZB1', 'Q8WZB2', 'Q9UCD4']",CHEMBL1741220,"['D3DPA8', 'Q96EA1', 'Q96SQ8', 'Q9P252', 'Q9UIF8', 'Q9Y4N8']",CHEMBL1833,"['B2R9D5', 'P41595', 'Q53TI1', 'Q62221', 'Q6P523']",CHEMBL614164,no_uni_id!,,,,
CHEMBL402,"['B7Z3Y9', 'P04035', 'Q8N190']",CHEMBL3397,"['P11712', 'P11713', 'Q16756', 'Q16872', 'Q5VX92', 'Q6IRV8', 'Q8WW80']",CHEMBL2288,"['A8K4V9', 'Q13526', 'Q53X75']",CHEMBL225,"['B1AMW4', 'P28335', 'Q5VUF8', 'Q9NP28']",CHEMBL400,no_uni_id!,,,,
CHEMBL5486,"['P15127', 'P97681']",CHEMBL613826,no_uni_id!,CHEMBL2093862,"['A8MV94', 'B2RMS4', 'D3DSG1', 'O60472', 'O60473', 'O76047', 'O76089', 'Q01196', 'Q13081', 'Q13755', 'Q13756', 'Q13757', 'Q13758', 'Q13759', 'Q15341', 'Q15343', 'Q16122', 'Q16284', 'Q16285', 'Q16286', 'Q16346', 'Q16347', 'Q92479']",CHEMBL5017,['O70528'],CHEMBL614300,no_uni_id!,,,,
CHEMBL2007624,['P25094'],CHEMBL5567,"['P08659', 'Q27755']",CHEMBL1075094,"['B2RBU2', 'B4E338', 'E9PGJ7', 'Q16236', 'Q53RW6', 'Q59HH2', 'Q96F71']",CHEMBL3371,"['P50406', 'Q13640', 'Q5TGZ1']",CHEMBL614056,no_uni_id!,,,,
CHEMBL1784,"['P43220', 'Q2M229', 'Q99669']",CHEMBL1293287,"['B2R721', 'B7ZAU2', 'D3DR35', 'P14735', 'Q5T5N2']",CHEMBL6032,"['B0UZY2', 'Q14349', 'Q5JP83', 'Q5JQ92', 'Q5JQA1', 'Q5JQG3', 'Q6PK06', 'Q96KQ7', 'Q96MH5', 'Q96QD0', 'Q9UQL8', 'Q9Y331']",CHEMBL228,"['P31645', 'Q5EE02']",CHEMBL612262,no_uni_id!,,,,
CHEMBL2146315,['Q9R1A7'],CHEMBL206,"['P03372', 'Q13511', 'Q14276', 'Q5T5H7', 'Q6MZQ9', 'Q9NU51', 'Q9UDZ7', 'Q9UIS7']",CHEMBL5686,['O15648'],CHEMBL287,"['D3DRM7', 'O00673', 'O00725', 'Q0Z9W6', 'Q153Z1', 'Q2TSD1', 'Q53GN2', 'Q7Z653', 'Q8N7H3', 'Q99720', 'Q9NYX0']",CHEMBL614387,no_uni_id!,,,,
CHEMBL2157,"['B2R4L8', 'P10145', 'Q6FGF6', 'Q6LAE6', 'Q96RG6', 'Q9C077', 'Q9UCE1', 'Q9UCR8', 'Q9UCR9', 'Q9UCS0']",CHEMBL2061,"['B3KY83', 'P19793', 'Q2NL52', 'Q2V504']",CHEMBL1741193,"['P23197', 'P83916']",CHEMBL249,"['A8K150', 'P25103']",CHEMBL614709,no_uni_id!,,,,
CHEMBL1741186,"['P51449', 'Q5SZR9', 'Q8N5V7', 'Q8NCY8']",CHEMBL1977,"['B2R5Q1', 'G3V1V9', 'P11473', 'Q5PSV3']",CHEMBL397,no_uni_id!,CHEMBL2327,"['A8K7I1', 'P21452', 'Q4QRI5', 'Q8NGQ8', 'Q9UDE6', 'Q9UDE7']",CHEMBL614317,no_uni_id!,,,,
CHEMBL1743126,"['Q53HF5', 'Q6PD77', 'Q86VL4', 'Q96FL8', 'Q9NVA3']",CHEMBL2034,"['A0ZXF9', 'B0LPG8', 'D3DQF4', 'F5ATB7', 'P04150', 'P04151', 'Q53EP5', 'Q6N0A4']",CHEMBL1741210,"['B7Z6F9', 'Q5JPE5', 'Q5JTQ0', 'Q86TK3', 'Q96MK4', 'Q99549', 'Q9BTP1']",CHEMBL1835,"['B4DJG6', 'E7EMU9', 'E7EP08', 'E7ESB5', 'O14987', 'P24557', 'Q16843', 'Q16844', 'Q8IUN1', 'Q96CN2', 'Q9GZW4', 'Q9HD77', 'Q9HD78', 'Q9HD79', 'Q9HD80', 'Q9HD81', 'Q9HD82', 'Q9HD83', 'Q9HD84']",CHEMBL614803,no_uni_id!,,,,
CHEMBL1075138,"['Q2HXX4', 'Q86TV8', 'Q96BK7', 'Q9NUW8', 'Q9NZM7', 'Q9NZM8']",CHEMBL364,no_uni_id!,CHEMBL1795089,"['P03230', 'Q777A4']",CHEMBL1868,"['A3E342', 'A3E344', 'A8KA71', 'B0LPF1', 'B2BF46', 'B2BF47', 'B2BF48', 'B3FR89', 'B5A923', 'F5H5L6', 'O60722', 'P16057', 'P17948', 'Q12954']",CHEMBL614882,no_uni_id!,,,,
CHEMBL2007625,"['O75874', 'Q567U4', 'Q6FHQ6', 'Q7Z3V0', 'Q93090', 'Q9NTJ9', 'Q9UKW8']",CHEMBL1795087,"['A0PJ95', 'D3DQ57', 'O94782', 'Q05BX7', 'Q59H66', 'Q9UFR0', 'Q9UNJ3']",CHEMBL1795085,"['A6NLD4', 'Q24JQ7', 'Q6ZQZ7', 'Q99493', 'Q99700']",CHEMBL5144,"['A5JUT9', 'B3KPV1', 'B4DEB5', 'B4DGI4', 'F5H1F5', 'G3V0I1', 'P32241', 'Q15871', 'Q6P2M6']",CHEMBL614051,no_uni_id!,,,,
CHEMBL1697668,"['B2R7G2', 'Q29R64', 'Q9NQ37', 'Q9UBF3', 'Q9UH89', 'Q9Y6L6']",CHEMBL5391,"['Q8N590', 'Q9H0S1', 'Q9NYH6', 'Q9UNA4']",CHEMBL614818,no_uni_id!,CHEMBL1889,['P37288'],CHEMBL614096,no_uni_id!,,,,
CHEMBL1743121,"['E7EMT8', 'Q5JAR4', 'Q9NPD5']",CHEMBL1795091,"['A7XA56', 'A7XA58', 'A7XA59', 'A7YVV7', 'B1APZ3', 'P49798']",CHEMBL6035,"['O89049', 'Q5U344', 'Q9JKZ3', 'Q9JKZ4', 'Q9R1I3']",CHEMBL218,"['B2R9T4', 'E1P512', 'P21554', 'Q13949', 'Q495Z0', 'Q4PLI4', 'Q4VBM6', 'Q5JVL5', 'Q5UB37', 'Q9UNN0']",CHEMBL614072,no_uni_id!,,,,
CHEMBL378,no_uni_id!,CHEMBL235,"['A8K3G6', 'B5BUA1', 'O00684', 'O00710', 'O14515', 'P37231', 'Q0QJH8', 'Q15178', 'Q15179', 'Q15180', 'Q15832', 'Q86U60', 'Q96J12']",CHEMBL5391,"['Q8N590', 'Q9H0S1', 'Q9NYH6', 'Q9UNA4']",CHEMBL205,"['P00918', 'B2R7G8', 'Q6FI12', 'Q96ET9']",CHEMBL614917,no_uni_id!,,,,
CHEMBL2193,"['B2RCA6', 'B7XD04', 'F8WCC8', 'P15289', 'Q6ICI5', 'Q96CJ0']",CHEMBL3979,"['A8K6J6', 'B4E3V3', 'B6ZGS1', 'B7Z3W1', 'E9PE18', 'Q03181', 'Q5D1P0', 'Q7Z5K0', 'Q9BUD4']",CHEMBL614998,no_uni_id!,CHEMBL4015,"['A0AVQ3', 'B2RMT0', 'O95950', 'P41597', 'Q4VBL2']",CHEMBL392,no_uni_id!,,,,
CHEMBL612546,no_uni_id!,CHEMBL5365,"['B2RBD2', 'Q5Q9G5', 'Q5Q9G6', 'Q5Q9G7', 'Q5Q9G8', 'Q86VJ8', 'Q8IZY0', 'Q8IZY1', 'Q8NB30', 'Q96L01', 'Q96Q86', 'Q96Q87', 'Q9UBT6', 'Q9UHC5']",CHEMBL1909043,['A6XA80'],CHEMBL2414,"['P51679', 'Q9ULY6', 'Q9ULY7']",CHEMBL613855,no_uni_id!,,,,
CHEMBL375,no_uni_id!,CHEMBL1871,"['A0A0B4J1T2', 'A2RUN2', 'B1AKD7', 'C0JKD3', 'C0JKD4', 'E7EVX6', 'P10275', 'Q9UD95']",CHEMBL1798,"['B2R954', 'D3DTE4', 'Q5JS94', 'Q8IV19', 'Q9Y271']",CHEMBL274,"['O14692', 'O14693', 'O14695', 'O14696', 'O14697', 'O14698', 'O14699', 'O14700', 'O14701', 'O14702', 'O14703', 'O14704', 'O14705', 'O14706', 'O14707', 'O14708', 'O15538', 'P51681', 'Q9UPA4']",CHEMBL614451,no_uni_id!,,,,
CHEMBL376,no_uni_id!,CHEMBL1293258,"['A8K4B6', 'B7Z4Z5', 'B7Z6M9', 'B7Z9Q2', 'F5H383', 'O09064', 'O09144', 'O14510', 'O35273', 'P84022', 'Q92940', 'Q93002', 'Q9GKR4']",CHEMBL4358,"['O19043', 'P12530']",CHEMBL4029,"['B2R6Q3', 'P25024', 'Q2YEF8', 'Q2YEG4', 'Q2YEG5', 'Q2YEG7', 'Q2YEG8', 'Q53R18', 'Q6IN95', 'Q8N6T6', 'Q9P2T8', 'Q9P2T9', 'Q9P2U0', 'Q9P2U1', 'Q9P2U2']",CHEMBL612263,no_uni_id!,,,,
CHEMBL381,no_uni_id!,CHEMBL2288,"['A8K4V9', 'Q13526', 'Q53X75']",CHEMBL4644,"['P41968', 'Q4KN27', 'Q9H517']",CHEMBL2434,"['P25025', 'Q8IUZ1', 'Q9P2T6', 'Q9P2T7']",CHEMBL394,no_uni_id!,,,,
CHEMBL372,no_uni_id!,CHEMBL614181,no_uni_id!,CHEMBL259,"['B2RAC3', 'P32245', 'Q16317', 'Q3MIJ6']",CHEMBL1901,"['B2R9Z5', 'P32238']",CHEMBL613977,no_uni_id!,,,,
CHEMBL2424510,"['A0JBR2', 'A8K024', 'B2RBA9', 'Q2HIX7', 'Q8J022', 'Q96T88', 'Q9H6S6', 'Q9P115', 'Q9P1U7']",CHEMBL1287617,"['A6NJC3', 'B8K286', 'P22309']",CHEMBL4608,"['B0YJ34', 'P33032', 'Q502V1']",CHEMBL221,"['A8K1V7', 'B4DHQ2', 'B4E2S5', 'P23219', 'Q15122', 'Q3HY28', 'Q3HY29', 'Q5T7T6', 'Q5T7T7', 'Q5T7T8']",CHEMBL614487,no_uni_id!,,,,
CHEMBL1795168,"['Q1X902', 'Q9NZ45']",CHEMBL1743316,"['A6NKK6', 'B8K289', 'P19224', 'Q96TE7']",CHEMBL1951,"['B4DF46', 'P21397', 'Q16426']",CHEMBL230,"['A8K802', 'P35354', 'Q16876']",CHEMBL387,no_uni_id!,,,,
CHEMBL1993,"['A0AV63', 'B7ZLW6', 'P26358', 'Q9UHG5', 'Q9ULA2', 'Q9UMZ6']",CHEMBL1743319,"['B8K285', 'O60656', 'P36509', 'Q9HAX0']",CHEMBL216,"['P11229', 'Q96RH1']",CHEMBL3356,"['P05177', 'Q16754', 'Q6NWU3', 'Q6NWU5', 'Q9BXX7', 'Q9UK49']",CHEMBL390,no_uni_id!,,,,
CHEMBL354,no_uni_id!,CHEMBL4302,"['A8K294', 'B5AK60', 'P08183', 'Q12755', 'Q14812']",CHEMBL211,"['P08172', 'Q4VBK6', 'Q9P1X9']",CHEMBL3622,"['P33259', 'P33261', 'Q8WZB1', 'Q8WZB2', 'Q9UCD4']",CHEMBL614925,no_uni_id!,,,,
CHEMBL398,no_uni_id!,CHEMBL1909043,['A6XA80'],CHEMBL245,"['P20309', 'Q0VAJ8', 'Q4QRI3', 'Q5VXY2', 'Q9HB60']",CHEMBL3397,"['P11712', 'P11713', 'Q16756', 'Q16872', 'Q5VX92', 'Q6IRV8', 'Q8WW80']",CHEMBL614361,no_uni_id!,,,,
CHEMBL2366800,no_uni_id!,CHEMBL1798,"['B2R954', 'D3DTE4', 'Q5JS94', 'Q8IV19', 'Q9Y271']",CHEMBL1821,"['B2RPP4', 'P08173', 'Q0VD60', 'Q4VBK7']",CHEMBL289,"['P10635', 'Q16752', 'Q2XND6', 'Q2XND7', 'Q2XNE0', 'Q6B012', 'Q6NXU8']",CHEMBL396,no_uni_id!,,,,
CHEMBL350,no_uni_id!,CHEMBL4358,"['O19043', 'P12530']",CHEMBL2035,"['P08912', 'Q96RG7']",CHEMBL5281,"['P05181', 'Q5VZD5', 'Q6NWT9', 'Q9UK47']",CHEMBL614610,no_uni_id!,,,,
CHEMBL348,no_uni_id!,CHEMBL4644,"['P41968', 'Q4KN27', 'Q9H517']",CHEMBL4777,"['B2R6H5', 'P25929']",CHEMBL2056,"['B2RA44', 'P21728', 'Q4QRJ0']",CHEMBL614067,no_uni_id!,,,,
CHEMBL614425,no_uni_id!,CHEMBL259,"['B2RAC3', 'P32245', 'Q16317', 'Q3MIJ6']",CHEMBL4018,"['P49146', 'Q13281', 'Q13457', 'Q4W5G7', 'Q6AZZ6', 'Q9UE67']",CHEMBL217,"['P14416', 'Q9NZR3', 'Q9UPA9']",CHEMBL614697,no_uni_id!,,,,
CHEMBL366,no_uni_id!,CHEMBL4608,"['B0YJ34', 'P33032', 'Q502V1']",CHEMBL3048,"['P29476', 'P70594']",CHEMBL234,"['A1A4V5', 'P35462', 'Q4VBM8']",CHEMBL614908,no_uni_id!,,,,
CHEMBL365,no_uni_id!,CHEMBL1951,"['B4DF46', 'P21397', 'Q16426']",CHEMBL3464,"['O70515', 'O70516', 'P29477', 'Q5SXT3', 'Q6P6A0', 'Q8R410']",CHEMBL219,"['B0M0J7', 'P21917', 'Q7Z7Q5', 'Q8NGM5']",CHEMBL613984,no_uni_id!,,,,
CHEMBL4303835,no_uni_id!,CHEMBL216,"['P11229', 'Q96RH1']",CHEMBL236,"['B5B0B8', 'P41143']",CHEMBL238,"['A2RUN4', 'Q01959', 'Q14996']",CHEMBL614645,no_uni_id!,,,,
CHEMBL4523582,['P0DTD1'],CHEMBL211,"['P08172', 'Q4VBK6', 'Q9P1X9']",CHEMBL237,"['E5RHC9', 'P41145', 'Q499G4']",CHEMBL252,"['B2R723', 'B4E2V6', 'B7Z9G6', 'D3DP03', 'E7ER36', 'O43441', 'P25101', 'Q16432', 'Q16433', 'Q8TBH2']",CHEMBL613102,no_uni_id!,,,,
,,CHEMBL245,"['P20309', 'Q0VAJ8', 'Q4QRI3', 'Q5VXY2', 'Q9HB60']",CHEMBL233,"['B0FXJ1', 'B2R9S7', 'B8Q1L7', 'B8Q1L8', 'B8Q1L9', 'E7EWZ3', 'G8XRH6', 'G8XRH8', 'P35372', 'Q12930', 'Q4VWM1', 'Q4VWM2', 'Q4VWM3', 'Q4VWM4', 'Q4VWM6', 'Q4VWX6', 'Q5TDA1', 'Q6UPP1', 'Q6UQ80', 'Q7Z2D8', 'Q86V80', 'Q8IWW3', 'Q8IWW4', 'Q9UCZ4', 'Q9UN57']",CHEMBL206,"['P03372', 'Q13511', 'Q14276', 'Q5T5H7', 'Q6MZQ9', 'Q9NU51', 'Q9UDZ7', 'Q9UIS7']",CHEMBL612796,no_uni_id!,,,,
,,CHEMBL1821,"['B2RPP4', 'P08173', 'Q0VD60', 'Q4VBK7']",CHEMBL1827,"['A0AV69', 'A8K2C4', 'O75026', 'O75887', 'O76074', 'Q86UI0', 'Q86V66', 'Q9Y6Z6']",CHEMBL242,"['A8K8K5', 'G3V5M5', 'O60608', 'O60685', 'O60702', 'O60703', 'O75583', 'O75584', 'Q0MWT5', 'Q0MWT6', 'Q86Z31', 'Q92731', 'Q9UEV6', 'Q9UHD3', 'Q9UQK9']",CHEMBL382,no_uni_id!,,,,
,,CHEMBL2035,"['P08912', 'Q96RG7']",CHEMBL250,"['A3KMC8', 'A8K2H5', 'P25105']",CHEMBL3392921,"['P22771', 'Q91W28']",CHEMBL614740,no_uni_id!,,,,
,,CHEMBL4777,"['B2R6H5', 'P25929']",CHEMBL240,"['A5H1P7', 'C4PFH9', 'D3DX04', 'O75418', 'O75680', 'Q12809', 'Q708S9', 'Q9BT72', 'Q9BUT7', 'Q9H3P0']",CHEMBL231,"['A8K047', 'P35367', 'Q6P9E5']",CHEMBL384,no_uni_id!,,,,
,,CHEMBL4018,"['P49146', 'Q13281', 'Q13457', 'Q4W5G7', 'Q6AZZ6', 'Q9UE67']",CHEMBL1909044,['Q690N0'],CHEMBL1941,"['B5BUP7', 'P25021', 'Q14464', 'Q7Z5R9']",CHEMBL614919,no_uni_id!,,,,
,,CHEMBL3048,"['P29476', 'P70594']",CHEMBL4074,"['O02852', 'P12822', 'P22968']",CHEMBL402,"['B7Z3Y9', 'P04035', 'Q8N190']",CHEMBL614886,no_uni_id!,,,,
,,CHEMBL3464,"['O70515', 'O70516', 'P29477', 'Q5SXT3', 'Q6P6A0', 'Q8R410']",CHEMBL4801,"['B5MDZ1', 'P29466', 'Q53EY6', 'Q6DMQ1', 'Q6GSS3', 'Q6PI75', 'Q9UCN3']",CHEMBL5486,"['P15127', 'P97681']",CHEMBL614561,no_uni_id!,,,,
,,CHEMBL236,"['B5B0B8', 'P41143']",CHEMBL4071,"['P08311', 'Q6IBJ6', 'Q9UCA5', 'Q9UCU6']",CHEMBL613416,no_uni_id!,CHEMBL613373,no_uni_id!,,,,
,,CHEMBL237,"['E5RHC9', 'P41145', 'Q499G4']",CHEMBL248,"['P08246', 'P09649', 'Q6B0D9', 'Q6LDP5']",CHEMBL614054,no_uni_id!,CHEMBL4302,"['A8K294', 'B5AK60', 'P08183', 'Q12755', 'Q14812']",,,,
,,CHEMBL233,"['B0FXJ1', 'B2R9S7', 'B8Q1L7', 'B8Q1L8', 'B8Q1L9', 'E7EWZ3', 'G8XRH6', 'G8XRH8', 'P35372', 'Q12930', 'Q4VWM1', 'Q4VWM2', 'Q4VWM3', 'Q4VWM4', 'Q4VWM6', 'Q4VWX6', 'Q5TDA1', 'Q6UPP1', 'Q6UQ80', 'Q7Z2D8', 'Q86V80', 'Q8IWW3', 'Q8IWW4', 'Q9UCZ4', 'Q9UN57']",CHEMBL332,"['P03956', 'P08156']",CHEMBL614997,no_uni_id!,CHEMBL1781859,['P46720'],,,,
,,CHEMBL1827,"['A0AV69', 'A8K2C4', 'O75026', 'O75887', 'O76074', 'Q86UI0', 'Q86V66', 'Q9Y6Z6']",CHEMBL321,"['B2R7V9', 'P14780', 'Q3LR70', 'Q8N725', 'Q9H4Z1', 'Q9UCJ9', 'Q9UCL1', 'Q9UDK2']",CHEMBL614519,no_uni_id!,CHEMBL4096,"['P04637', 'Q15086', 'Q15087', 'Q15088', 'Q16535', 'Q16807', 'Q16808', 'Q16809', 'Q16810', 'Q16811', 'Q16848', 'Q2XN98', 'Q3LRW1', 'Q3LRW2', 'Q3LRW3', 'Q3LRW4', 'Q3LRW5', 'Q86UG1', 'Q8J016', 'Q99659', 'Q9BTM4', 'Q9HAQ8', 'Q9NP68', 'Q9NPJ2', 'Q9NZD0', 'Q9UBI2', 'Q9UQ61']",,,,
,,CHEMBL250,"['A3KMC8', 'A8K2H5', 'P25105']",CHEMBL299,"['B5BU22', 'P17252', 'Q15137', 'Q32M72', 'Q96RE4']",CHEMBL614388,no_uni_id!,CHEMBL2146315,['Q9R1A7'],,,,
,,CHEMBL240,"['A5H1P7', 'C4PFH9', 'D3DX04', 'O75418', 'O75680', 'Q12809', 'Q708S9', 'Q9BT72', 'Q9BUT7', 'Q9H3P0']",CHEMBL3385,"['A8CZ58', 'B0LPG3', 'P27361', 'Q8NHX1']",CHEMBL613889,no_uni_id!,CHEMBL1741186,"['P51449', 'Q5SZR9', 'Q8N5V7', 'Q8NCY8']",,,,
,,CHEMBL1909044,['Q690N0'],CHEMBL4040,"['A8CZ64', 'P28482']",CHEMBL614860,no_uni_id!,CHEMBL614577,no_uni_id!,,,,
,,CHEMBL4074,"['O02852', 'P12822', 'P22968']",CHEMBL260,"['A6ZJ92', 'A8K6P4', 'B0LPH0', 'B5TY32', 'O60776', 'Q13083', 'Q14084', 'Q16539', 'Q8TDX0']",CHEMBL614922,no_uni_id!,CHEMBL1697668,"['B2R7G2', 'Q29R64', 'Q9NQ37', 'Q9UBF3', 'Q9UH89', 'Q9Y6L6']",,,,
,,CHEMBL4801,"['B5MDZ1', 'P29466', 'Q53EY6', 'Q6DMQ1', 'Q6GSS3', 'Q6PI75', 'Q9UCN3']",CHEMBL4445,"['A1A441', 'A8K3B7', 'A8W6Z7', 'A8W6Z8', 'B5BUA2', 'Q08209', 'Q8TAW9']",CHEMBL614021,no_uni_id!,CHEMBL1743121,"['E7EMT8', 'Q5JAR4', 'Q9NPD5']",,,,
,,CHEMBL4071,"['P08311', 'Q6IBJ6', 'Q9UCA5', 'Q9UCU6']",CHEMBL203,"['O00688', 'O00732', 'P00533', 'P06268', 'Q14225', 'Q68GS5', 'Q92795', 'Q9BZS2', 'Q9GZX1', 'Q9H2C9', 'Q9H3C9', 'Q9UMD7', 'Q9UMD8', 'Q9UMG5']",CHEMBL385,no_uni_id!,CHEMBL386,no_uni_id!,,,,
,,CHEMBL248,"['P08246', 'P09649', 'Q6B0D9', 'Q6LDP5']",CHEMBL1841,"['B5BU57', 'E1P557', 'H0UI48', 'P06241', 'Q16248', 'Q5R3A6', 'Q5R3A7', 'Q8N5D7']",CHEMBL614213,no_uni_id!,CHEMBL375,no_uni_id!,,,,
,,CHEMBL332,"['P03956', 'P08156']",CHEMBL1824,"['B2RZG3', 'B4DHN3', 'P04626', 'Q14256', 'Q6LDV1', 'Q9UMK4', 'X5D2V5']",CHEMBL614177,no_uni_id!,CHEMBL612893,no_uni_id!,,,,
,,CHEMBL321,"['B2R7V9', 'P14780', 'Q3LR70', 'Q8N725', 'Q9H4Z1', 'Q9UCJ9', 'Q9UCL1', 'Q9UDK2']",CHEMBL258,"['D3DPP8', 'P06239', 'P07100', 'Q12850', 'Q13152', 'Q5TDH8', 'Q5TDH9', 'Q7RTZ3', 'Q96DW4', 'Q9NYT8']",CHEMBL614643,no_uni_id!,CHEMBL2366800,no_uni_id!,,,,
,,CHEMBL299,"['B5BU22', 'P17252', 'Q15137', 'Q32M72', 'Q96RE4']",CHEMBL3243,"['A0A0A0MT22', 'A8K7W6', 'P08575', 'Q16614', 'Q9H0Y6', 'X6R433']",CHEMBL615022,no_uni_id!,CHEMBL354,no_uni_id!,,,,
,,CHEMBL3385,"['A8CZ58', 'B0LPG3', 'P27361', 'Q8NHX1']",CHEMBL273,['P19327'],CHEMBL612555,no_uni_id!,CHEMBL350,no_uni_id!,,,,
,,CHEMBL260,"['A6ZJ92', 'A8K6P4', 'B0LPH0', 'B5TY32', 'O60776', 'Q13083', 'Q14084', 'Q16539', 'Q8TDX0']",CHEMBL3459,['P28564'],CHEMBL614214,no_uni_id!,CHEMBL348,no_uni_id!,,,,
,,CHEMBL4445,"['A1A441', 'A8K3B7', 'A8W6Z7', 'A8W6Z8', 'B5BUA2', 'Q08209', 'Q8TAW9']",CHEMBL224,"['B2RAC5', 'B4DZ79', 'F5GWE8', 'P28223', 'Q5T8C0']",CHEMBL614164,no_uni_id!,CHEMBL614425,no_uni_id!,,,,
,,CHEMBL203,"['O00688', 'O00732', 'P00533', 'P06268', 'Q14225', 'Q68GS5', 'Q92795', 'Q9BZS2', 'Q9GZX1', 'Q9H2C9', 'Q9H3C9', 'Q9UMD7', 'Q9UMD8', 'Q9UMG5']",CHEMBL220,"['A4D2E2', 'B7ZKZ0', 'D6W5X7', 'P22303', 'Q16169', 'Q29S23', 'Q2M324', 'Q504V3', 'Q53F46', 'Q86TM9', 'Q86YX9', 'Q9BXP7']",CHEMBL614300,no_uni_id!,CHEMBL366,no_uni_id!,,,,
,,CHEMBL1841,"['B5BU57', 'E1P557', 'H0UI48', 'P06241', 'Q16248', 'Q5R3A6', 'Q5R3A7', 'Q8N5D7']",CHEMBL226,"['A6NFY5', 'A6NGP4', 'A8K1L3', 'B3KXQ4', 'D2CGD0', 'P30542', 'Q6FHK3', 'Q8TAM8']",CHEMBL614056,no_uni_id!,CHEMBL365,no_uni_id!,,,,
,,CHEMBL1824,"['B2RZG3', 'B4DHN3', 'P04626', 'Q14256', 'Q6LDV1', 'Q9UMK4', 'X5D2V5']",CHEMBL251,"['B2R7E0', 'P29274']",CHEMBL612262,no_uni_id!,CHEMBL4303835,no_uni_id!,,,,
,,CHEMBL258,"['D3DPP8', 'P06239', 'P07100', 'Q12850', 'Q13152', 'Q5TDH8', 'Q5TDH9', 'Q7RTZ3', 'Q96DW4', 'Q9NYT8']",CHEMBL256,"['A2A3P4', 'P0DMS8', 'P33765', 'Q6UWU0', 'Q9BYZ1']",CHEMBL614019,no_uni_id!,CHEMBL4523582,['P0DTD1'],,,,
,,CHEMBL3243,"['A0A0A0MT22', 'A8K7W6', 'P08575', 'Q16614', 'Q9H0Y6', 'X6R433']",CHEMBL319,['P43140'],CHEMBL614387,no_uni_id!,CHEMBL2366320,no_uni_id!,,,,
,,CHEMBL273,['P19327'],CHEMBL315,"['P15823', 'Q63215']",CHEMBL614709,no_uni_id!,CHEMBL613859,no_uni_id!,,,,
,,CHEMBL3459,['P28564'],CHEMBL223,"['P25100', 'Q9NPY0']",CHEMBL614317,no_uni_id!,CHEMBL612250,no_uni_id!,,,,
,,CHEMBL224,"['B2RAC5', 'B4DZ79', 'F5GWE8', 'P28223', 'Q5T8C0']",CHEMBL1867,"['B0LPF6', 'P08913', 'Q2I8G2', 'Q2XN99', 'Q86TH8', 'Q9BZK1']",CHEMBL613533,no_uni_id!,CHEMBL614822,no_uni_id!,,,,
,,CHEMBL220,"['A4D2E2', 'B7ZKZ0', 'D6W5X7', 'P22303', 'Q16169', 'Q29S23', 'Q2M324', 'Q504V3', 'Q53F46', 'Q86TM9', 'Q86YX9', 'Q9BXP7']",CHEMBL1942,"['A2RUS0', 'P18089', 'Q4TUH9', 'Q53RF2', 'Q9BZK0']",CHEMBL614803,no_uni_id!,,,,,,
,,CHEMBL226,"['A6NFY5', 'A6NGP4', 'A8K1L3', 'B3KXQ4', 'D2CGD0', 'P30542', 'Q6FHK3', 'Q8TAM8']",CHEMBL1916,"['P18825', 'P35369', 'Q9HB49']",CHEMBL614051,no_uni_id!,,,,,,
,,CHEMBL251,"['B2R7E0', 'P29274']",CHEMBL213,"['B0LPE2', 'P08588', 'Q5T5Y4', 'Q9UKG7', 'Q9UKG8']",CHEMBL614096,no_uni_id!,,,,,,
,,CHEMBL256,"['A2A3P4', 'P0DMS8', 'P33765', 'Q6UWU0', 'Q9BYZ1']",CHEMBL210,"['B0LPE4', 'B2R7X2', 'O14823', 'O14824', 'O14825', 'O14826', 'P07550', 'Q4JG18', 'Q53GA6', 'Q6GMT4', 'Q6P4D8', 'Q8NEQ9', 'Q96EC3', 'Q9UCZ0', 'Q9UCZ1', 'Q9UCZ2', 'Q9UCZ3', 'Q9UH95', 'Q9UHA1', 'Q9UMZ5']",CHEMBL614917,no_uni_id!,,,,,,
,,CHEMBL319,['P43140'],CHEMBL246,"['P13945', 'Q4JFT4']",CHEMBL614791,no_uni_id!,,,,,,
,,CHEMBL315,"['P15823', 'Q63215']",CHEMBL222,"['B2R707', 'B4DX48', 'P23975', 'Q96KH8']",CHEMBL392,no_uni_id!,,,,,,
,,CHEMBL223,"['P25100', 'Q9NPY0']",CHEMBL2622,['P07943'],CHEMBL614451,no_uni_id!,,,,,,
,,CHEMBL1867,"['B0LPF6', 'P08913', 'Q2I8G2', 'Q2XN99', 'Q86TH8', 'Q9BZK1']",CHEMBL4607,"['B2R9V1', 'P50052', 'Q13016', 'Q6FGY7']",CHEMBL612263,no_uni_id!,,,,,,
,,CHEMBL1942,"['A2RUS0', 'P18089', 'Q4TUH9', 'Q53RF2', 'Q9BZK0']",CHEMBL3157,['P30411'],CHEMBL394,no_uni_id!,,,,,,
,,CHEMBL1916,"['P18825', 'P35369', 'Q9HB49']",CHEMBL1832,"['A0A0C4DG16', 'A4D1G6', 'F5H605', 'O14585', 'P30988', 'Q13941', 'Q5ZGL8', 'Q659U6', 'Q6DJU8', 'Q6T712']",CHEMBL613977,no_uni_id!,,,,,,
,,CHEMBL213,"['B0LPE2', 'P08588', 'Q5T5Y4', 'Q9UKG7', 'Q9UKG8']",CHEMBL1833,"['B2R9D5', 'P41595', 'Q53TI1', 'Q62221', 'Q6P523']",CHEMBL614487,no_uni_id!,,,,,,
,,CHEMBL210,"['B0LPE4', 'B2R7X2', 'O14823', 'O14824', 'O14825', 'O14826', 'P07550', 'Q4JG18', 'Q53GA6', 'Q6GMT4', 'Q6P4D8', 'Q8NEQ9', 'Q96EC3', 'Q9UCZ0', 'Q9UCZ1', 'Q9UCZ2', 'Q9UCZ3', 'Q9UH95', 'Q9UHA1', 'Q9UMZ5']",CHEMBL225,"['B1AMW4', 'P28335', 'Q5VUF8', 'Q9NP28']",CHEMBL614642,no_uni_id!,,,,,,
,,CHEMBL246,"['P13945', 'Q4JFT4']",CHEMBL5017,['O70528'],CHEMBL614110,no_uni_id!,,,,,,
,,CHEMBL222,"['B2R707', 'B4DX48', 'P23975', 'Q96KH8']",CHEMBL3371,"['P50406', 'Q13640', 'Q5TGZ1']",CHEMBL614925,no_uni_id!,,,,,,
,,CHEMBL2622,['P07943'],CHEMBL228,"['P31645', 'Q5EE02']",CHEMBL614610,no_uni_id!,,,,,,
,,CHEMBL4607,"['B2R9V1', 'P50052', 'Q13016', 'Q6FGY7']",CHEMBL287,"['D3DRM7', 'O00673', 'O00725', 'Q0Z9W6', 'Q153Z1', 'Q2TSD1', 'Q53GN2', 'Q7Z653', 'Q8N7H3', 'Q99720', 'Q9NYX0']",CHEMBL614067,no_uni_id!,,,,,,
,,CHEMBL3157,['P30411'],CHEMBL249,"['A8K150', 'P25103']",CHEMBL614908,no_uni_id!,,,,,,
,,CHEMBL1832,"['A0A0C4DG16', 'A4D1G6', 'F5H605', 'O14585', 'P30988', 'Q13941', 'Q5ZGL8', 'Q659U6', 'Q6DJU8', 'Q6T712']",CHEMBL2327,"['A8K7I1', 'P21452', 'Q4QRI5', 'Q8NGQ8', 'Q9UDE6', 'Q9UDE7']",CHEMBL613984,no_uni_id!,,,,,,
,,CHEMBL1833,"['B2R9D5', 'P41595', 'Q53TI1', 'Q62221', 'Q6P523']",CHEMBL3072,"['P15207', 'Q63049']",CHEMBL613102,no_uni_id!,,,,,,
,,CHEMBL225,"['B1AMW4', 'P28335', 'Q5VUF8', 'Q9NP28']",CHEMBL1835,"['B4DJG6', 'E7EMU9', 'E7EP08', 'E7ESB5', 'O14987', 'P24557', 'Q16843', 'Q16844', 'Q8IUN1', 'Q96CN2', 'Q9GZW4', 'Q9HD77', 'Q9HD78', 'Q9HD79', 'Q9HD80', 'Q9HD81', 'Q9HD82', 'Q9HD83', 'Q9HD84']",CHEMBL612543,no_uni_id!,,,,,,
,,CHEMBL5017,['O70528'],CHEMBL1868,"['A3E342', 'A3E344', 'A8KA71', 'B0LPF1', 'B2BF46', 'B2BF47', 'B2BF48', 'B3FR89', 'B5A923', 'F5H5L6', 'O60722', 'P16057', 'P17948', 'Q12954']",CHEMBL612796,no_uni_id!,,,,,,
,,CHEMBL3371,"['P50406', 'Q13640', 'Q5TGZ1']",CHEMBL5144,"['A5JUT9', 'B3KPV1', 'B4DEB5', 'B4DGI4', 'F5H1F5', 'G3V0I1', 'P32241', 'Q15871', 'Q6P2M6']",CHEMBL382,no_uni_id!,,,,,,
,,CHEMBL228,"['P31645', 'Q5EE02']",CHEMBL1889,['P37288'],CHEMBL614285,no_uni_id!,,,,,,
,,CHEMBL287,"['D3DRM7', 'O00673', 'O00725', 'Q0Z9W6', 'Q153Z1', 'Q2TSD1', 'Q53GN2', 'Q7Z653', 'Q8N7H3', 'Q99720', 'Q9NYX0']",CHEMBL218,"['B2R9T4', 'E1P512', 'P21554', 'Q13949', 'Q495Z0', 'Q4PLI4', 'Q4VBM6', 'Q5JVL5', 'Q5UB37', 'Q9UNN0']",CHEMBL614740,no_uni_id!,,,,,,
,,CHEMBL249,"['A8K150', 'P25103']",CHEMBL205,"['P00918', 'B2R7G8', 'Q6FI12', 'Q96ET9']",CHEMBL384,no_uni_id!,,,,,,
,,CHEMBL2327,"['A8K7I1', 'P21452', 'Q4QRI5', 'Q8NGQ8', 'Q9UDE6', 'Q9UDE7']",CHEMBL4015,"['A0AVQ3', 'B2RMT0', 'O95950', 'P41597', 'Q4VBL2']",CHEMBL614919,no_uni_id!,,,,,,
,,CHEMBL3072,"['P15207', 'Q63049']",CHEMBL2414,"['P51679', 'Q9ULY6', 'Q9ULY7']",CHEMBL614561,no_uni_id!,,,,,,
,,CHEMBL1835,"['B4DJG6', 'E7EMU9', 'E7EP08', 'E7ESB5', 'O14987', 'P24557', 'Q16843', 'Q16844', 'Q8IUN1', 'Q96CN2', 'Q9GZW4', 'Q9HD77', 'Q9HD78', 'Q9HD79', 'Q9HD80', 'Q9HD81', 'Q9HD82', 'Q9HD83', 'Q9HD84']",CHEMBL274,"['O14692', 'O14693', 'O14695', 'O14696', 'O14697', 'O14698', 'O14699', 'O14700', 'O14701', 'O14702', 'O14703', 'O14704', 'O14705', 'O14706', 'O14707', 'O14708', 'O15538', 'P51681', 'Q9UPA4']",CHEMBL613373,no_uni_id!,,,,,,
,,CHEMBL1868,"['A3E342', 'A3E344', 'A8KA71', 'B0LPF1', 'B2BF46', 'B2BF47', 'B2BF48', 'B3FR89', 'B5A923', 'F5H5L6', 'O60722', 'P16057', 'P17948', 'Q12954']",CHEMBL4029,"['B2R6Q3', 'P25024', 'Q2YEF8', 'Q2YEG4', 'Q2YEG5', 'Q2YEG7', 'Q2YEG8', 'Q53R18', 'Q6IN95', 'Q8N6T6', 'Q9P2T8', 'Q9P2T9', 'Q9P2U0', 'Q9P2U1', 'Q9P2U2']",CHEMBL2073676,"['Q63120', 'Q63145']",,,,,,
,,CHEMBL5144,"['A5JUT9', 'B3KPV1', 'B4DEB5', 'B4DGI4', 'F5H1F5', 'G3V0I1', 'P32241', 'Q15871', 'Q6P2M6']",CHEMBL2434,"['P25025', 'Q8IUZ1', 'Q9P2T6', 'Q9P2T7']",CHEMBL1743123,"['P46721', 'Q9UGP7', 'Q9UL38']",,,,,,
,,CHEMBL1889,['P37288'],CHEMBL1901,"['B2R9Z5', 'P32238']",CHEMBL1781859,['P46720'],,,,,,
,,CHEMBL218,"['B2R9T4', 'E1P512', 'P21554', 'Q13949', 'Q495Z0', 'Q4PLI4', 'Q4VBM6', 'Q5JVL5', 'Q5UB37', 'Q9UNN0']",CHEMBL221,"['A8K1V7', 'B4DHQ2', 'B4E2S5', 'P23219', 'Q15122', 'Q3HY28', 'Q3HY29', 'Q5T7T6', 'Q5T7T7', 'Q5T7T8']",CHEMBL1075229,"['P43245', 'Q63426', 'Q63427']",,,,,,
,,CHEMBL205,"['P00918', 'B2R7G8', 'Q6FI12', 'Q96ET9']",CHEMBL230,"['A8K802', 'P35354', 'Q16876']",CHEMBL2073707,"['P70502', 'Q8R008', 'Q8R4J0', 'Q8R4J1', 'Q8R4J2', 'Q8R4J3', 'Q8R4J4', 'Q8R4J5', 'Q8R4J6', 'Q8R4J7', 'Q8R4J8', 'Q8R4J9', 'Q8R4K0', 'Q8R4K1', 'Q9WTM0']",,,,,,
,,CHEMBL4015,"['A0AVQ3', 'B2RMT0', 'O95950', 'P41597', 'Q4VBL2']",CHEMBL3356,"['P05177', 'Q16754', 'Q6NWU3', 'Q6NWU5', 'Q9BXX7', 'Q9UK49']",CHEMBL1075135,['Q6PSM0'],,,,,,
,,CHEMBL2414,"['P51679', 'Q9ULY6', 'Q9ULY7']",CHEMBL5282,"['A7YAE5', 'B2R7F6', 'P00190', 'P10890', 'P11509', 'Q16803', 'Q4VAT9', 'Q4VAU0', 'Q4VAU1', 'Q9H1Z7', 'Q9UCU0', 'Q9UK48']",CHEMBL2073674,['O70127'],,,,,,
,,CHEMBL274,"['O14692', 'O14693', 'O14695', 'O14696', 'O14697', 'O14698', 'O14699', 'O14700', 'O14701', 'O14702', 'O14703', 'O14704', 'O14705', 'O14706', 'O14707', 'O14708', 'O15538', 'P51681', 'Q9UPA4']",CHEMBL3622,"['P33259', 'P33261', 'Q8WZB1', 'Q8WZB2', 'Q9UCD4']",CHEMBL1781860,"['O35913', 'O55224']",,,,,,
,,CHEMBL4029,"['B2R6Q3', 'P25024', 'Q2YEF8', 'Q2YEG4', 'Q2YEG5', 'Q2YEG7', 'Q2YEG8', 'Q53R18', 'Q6IN95', 'Q8N6T6', 'Q9P2T8', 'Q9P2T9', 'Q9P2U0', 'Q9P2U1', 'Q9P2U2']",CHEMBL3397,"['P11712', 'P11713', 'Q16756', 'Q16872', 'Q5VX92', 'Q6IRV8', 'Q8WW80']",CHEMBL2146315,['Q9R1A7'],,,,,,
,,CHEMBL2434,"['P25025', 'Q8IUZ1', 'Q9P2T6', 'Q9P2T7']",CHEMBL289,"['P10635', 'Q16752', 'Q2XND6', 'Q2XND7', 'Q2XNE0', 'Q6B012', 'Q6NXU8']",CHEMBL1697668,"['B2R7G2', 'Q29R64', 'Q9NQ37', 'Q9UBF3', 'Q9UH89', 'Q9Y6L6']",,,,,,
,,CHEMBL1901,"['B2R9Z5', 'P32238']",CHEMBL5281,"['P05181', 'Q5VZD5', 'Q6NWT9', 'Q9UK47']",CHEMBL1743121,"['E7EMT8', 'Q5JAR4', 'Q9NPD5']",,,,,,
,,CHEMBL221,"['A8K1V7', 'B4DHQ2', 'B4E2S5', 'P23219', 'Q15122', 'Q3HY28', 'Q3HY29', 'Q5T7T6', 'Q5T7T7', 'Q5T7T8']",CHEMBL340,"['P05184', 'P08684', 'Q16757', 'Q9UK50']",CHEMBL1743124,"['A8K2G9', 'B4DGA9', 'B4DTB0', 'E7ERN5', 'E9PPU8', 'O94956', 'Q9H2Z0', 'Q9UFU1']",,,,,,
,,CHEMBL230,"['A8K802', 'P35354', 'Q16876']",CHEMBL2056,"['B2RA44', 'P21728', 'Q4QRJ0']",CHEMBL1743126,"['Q53HF5', 'Q6PD77', 'Q86VL4', 'Q96FL8', 'Q9NVA3']",,,,,,
,,CHEMBL5282,"['A7YAE5', 'B2R7F6', 'P00190', 'P10890', 'P11509', 'Q16803', 'Q4VAT9', 'Q4VAU0', 'Q4VAU1', 'Q9H1Z7', 'Q9UCU0', 'Q9UK48']",CHEMBL217,"['P14416', 'Q9NZR3', 'Q9UPA9']",CHEMBL5533,"['Q04206', 'Q6GTV1', 'Q6SLK1']",,,,,,
,,CHEMBL5281,"['P05181', 'Q5VZD5', 'Q6NWT9', 'Q9UK47']",CHEMBL234,"['A1A4V5', 'P35462', 'Q4VBM8']",CHEMBL5902,"['Q04207', 'Q62025']",,,,,,
,,CHEMBL2056,"['B2RA44', 'P21728', 'Q4QRJ0']",CHEMBL219,"['B0M0J7', 'P21917', 'Q7Z7Q5', 'Q8NGM5']",CHEMBL1075138,"['Q2HXX4', 'Q86TV8', 'Q96BK7', 'Q9NUW8', 'Q9NZM7', 'Q9NZM8']",,,,,,
,,CHEMBL217,"['P14416', 'Q9NZR3', 'Q9UPA9']",CHEMBL238,"['A2RUN4', 'Q01959', 'Q14996']",CHEMBL2362981,"['A4GUK4', 'A4GUK5', 'A4GUK6', 'B2R629', 'B4DJ45', 'E2PU12', 'Q13148', 'Q53H27', 'Q6FI92', 'Q96DJ0']",,,,,,
,,CHEMBL234,"['A1A4V5', 'P35462', 'Q4VBM8']",CHEMBL252,"['B2R723', 'B4E2V6', 'B7Z9G6', 'D3DP03', 'E7ER36', 'O43441', 'P25101', 'Q16432', 'Q16433', 'Q8TBH2']",CHEMBL2007625,"['O75874', 'Q567U4', 'Q6FHQ6', 'Q7Z3V0', 'Q93090', 'Q9NTJ9', 'Q9UKW8']",,,,,,
,,CHEMBL219,"['B0M0J7', 'P21917', 'Q7Z7Q5', 'Q8NGM5']",CHEMBL206,"['P03372', 'Q13511', 'Q14276', 'Q5T5H7', 'Q6MZQ9', 'Q9NU51', 'Q9UDZ7', 'Q9UIS7']",CHEMBL612546,no_uni_id!,,,,,,
,,CHEMBL238,"['A2RUN4', 'Q01959', 'Q14996']",CHEMBL242,"['A8K8K5', 'G3V5M5', 'O60608', 'O60685', 'O60702', 'O60703', 'O75583', 'O75584', 'Q0MWT5', 'Q0MWT6', 'Q86Z31', 'Q92731', 'Q9UEV6', 'Q9UHD3', 'Q9UQK9']",CHEMBL387,no_uni_id!,,,,,,
,,CHEMBL252,"['B2R723', 'B4E2V6', 'B7Z9G6', 'D3DP03', 'E7ER36', 'O43441', 'P25101', 'Q16432', 'Q16433', 'Q8TBH2']",CHEMBL2034,"['A0ZXF9', 'B0LPG8', 'D3DQF4', 'F5ATB7', 'P04150', 'P04151', 'Q53EP5', 'Q6N0A4']",CHEMBL3706568,no_uni_id!,,,,,,
,,CHEMBL242,"['A8K8K5', 'G3V5M5', 'O60608', 'O60685', 'O60702', 'O60703', 'O75583', 'O75584', 'Q0MWT5', 'Q0MWT6', 'Q86Z31', 'Q92731', 'Q9UEV6', 'Q9UHD3', 'Q9UQK9']",CHEMBL3392921,"['P22771', 'Q91W28']",CHEMBL612656,no_uni_id!,,,,,,
,,CHEMBL3392921,"['P22771', 'Q91W28']",CHEMBL231,"['A8K047', 'P35367', 'Q6P9E5']",CHEMBL5369,['P05627'],,,,,,
,,CHEMBL231,"['A8K047', 'P35367', 'Q6P9E5']",CHEMBL1941,"['B5BUP7', 'P25021', 'Q14464', 'Q7Z5R9']",CHEMBL6020,"['O95342', 'Q53TL2', 'Q9UNB2']",,,,,,
,,CHEMBL1941,"['B5BUP7', 'P25021', 'Q14464', 'Q7Z5R9']",CHEMBL402,"['B7Z3Y9', 'P04035', 'Q8N190']",CHEMBL613424,no_uni_id!,,,,,,
,,CHEMBL402,"['B7Z3Y9', 'P04035', 'Q8N190']",CHEMBL5486,"['P15127', 'P97681']",CHEMBL3491,"['B2RD33', 'P51589', 'Q8TF13']",,,,,,
,,CHEMBL5486,"['P15127', 'P97681']",CHEMBL1615382,"['A4LAZ5', 'Q0VF45', 'Q5JYD9', 'Q5JYE0', 'Q9BR49', 'Q9UPC9', 'Q9UPG4', 'Q9UPG7', 'Q9Y6Q9']",CHEMBL3144,"['E0ZPU5', 'E9PUR6', 'E9PYV1', 'P06537', 'Q06VW2', 'Q3U126', 'Q3U2M7', 'Q61628', 'Q61629']",,,,,,
,,CHEMBL2007624,['P25094'],CHEMBL4218,"['B9VQH6', 'P06492', 'Q09I86']",CHEMBL612893,no_uni_id!,,,,,,
,,CHEMBL2111429,"['Q13547', 'Q92534']",CHEMBL2007624,['P25094'],CHEMBL1825,"['O43647', 'P01375', 'Q9P1Q2', 'Q9UIV3']",,,,,,
,,CHEMBL325,"['Q13547', 'Q92534']",CHEMBL1615387,"['O00150', 'O43792', 'O43793', 'Q13071', 'Q13420', 'Q15788', 'Q2T9G5', 'Q53SX3', 'Q6GVI5', 'Q7KYV3']",CHEMBL3779755,"['Q1JQ87', 'Q1JQ88', 'Q6JEL0', 'Q8R4B8', 'T1W2H6']",,,,,,
,,CHEMBL1865,"['O94975', 'Q6NT75', 'Q7L3E5', 'Q96CY0', 'Q9UBN7']",CHEMBL2366269,no_uni_id!,CHEMBL2409,"['B2Z3B1', 'B3KTU8', 'B3KUA0', 'G3V134', 'J3KPH7', 'P34913', 'Q16764', 'Q9HBJ1', 'Q9HBJ2']",,,,,,
,,CHEMBL3192,"['A6ND12', 'A6ND61', 'A6NET3', 'A6NJR3', 'A8MQ62', 'B4DKN0', 'B4DV22', 'Q86VC8', 'Q9BY41', 'Q9NP76', 'Q9NYH4']",CHEMBL614208,no_uni_id!,CHEMBL5748,"['B2RMT8', 'Q14022', 'Q5T2B1', 'Q92500', 'Q92798', 'Q92887', 'Q99663', 'Q9UMS2']",,,,,,
,,CHEMBL613508,no_uni_id!,CHEMBL613979,no_uni_id!,CHEMBL5918,"['B2RPA9', 'D3DTX9', 'O15438', 'O60265', 'O60922', 'O75621', 'O95078', 'O95289', 'O95290', 'Q86X85', 'Q9UN52']",,,,,,
,,CHEMBL2093865,"['Q13547', 'Q92534']",CHEMBL613373,no_uni_id!,CHEMBL1743128,"['A9Z1Z7', 'B7Z3Q7', 'O15439', 'Q8IVZ4', 'Q8IZN6', 'Q8NEW8', 'Q9Y6J2']",,,,,,
,,CHEMBL2366062,no_uni_id!,CHEMBL2073670,"['O35882', 'Q63089', 'Q6AYW1']",CHEMBL613419,no_uni_id!,,,,,,
,,CHEMBL2073661,"['A2RRN8', 'A8KIG6', 'A8Y988', 'E7ESW8', 'O95255', 'P78420', 'Q8TCY8', 'Q9UMZ7']",CHEMBL1770032,"['P70485', 'P97558', 'Q9R0W2']",CHEMBL6116,"['B7Z406', 'G8DM16', 'I3RTT5', 'I3RTT6', 'I3RTT7', 'I3RTT8', 'I3RTT9', 'Q3LIG1', 'Q4W5M7', 'Q9UBK2', 'Q9UN32']",,,,,,
,,CHEMBL5393,"['A0A1W3', 'A8K1T5', 'O95374', 'Q4W5I3', 'Q53ZQ1', 'Q569L4', 'Q5YLG4', 'Q86V64', 'Q8IX16', 'Q96LD6', 'Q96TA8', 'Q9BY73', 'Q9NUS0', 'Q9UNQ0']",CHEMBL1784,"['P43220', 'Q2M229', 'Q99669']",CHEMBL4296513,no_uni_id!,,,,,,
,,CHEMBL2111404,"['P21447', 'Q5I1Y5']",CHEMBL614530,no_uni_id!,CHEMBL614632,no_uni_id!,,,,,,
,,CHEMBL3004,"['A3RJX2', 'C9JPJ4', 'O14819', 'O43333', 'P33527', 'P78419', 'Q59GI9', 'Q9UQ97', 'Q9UQ99', 'Q9UQA0']",CHEMBL612567,no_uni_id!,CHEMBL2459,['P37238'],,,,,,
,,CHEMBL1770032,"['P70485', 'P97558', 'Q9R0W2']",CHEMBL1075138,"['Q2HXX4', 'Q86TV8', 'Q96BK7', 'Q9NUW8', 'Q9NZM7', 'Q9NZM8']",CHEMBL613963,no_uni_id!,,,,,,
,,CHEMBL2532,['O35379'],CHEMBL1075514,no_uni_id!,CHEMBL614781,no_uni_id!,,,,,,
,,CHEMBL1075229,"['P43245', 'Q63426', 'Q63427']",CHEMBL1075515,no_uni_id!,CHEMBL612422,no_uni_id!,,,,,,
,,CHEMBL6020,"['O95342', 'Q53TL2', 'Q9UNB2']",CHEMBL1075516,no_uni_id!,CHEMBL614484,no_uni_id!,,,,,,
,,CHEMBL2073695,"['A2AUN4', 'Q9QY30', 'Q9QZE8']",CHEMBL1075517,no_uni_id!,CHEMBL2366800,no_uni_id!,,,,,,
,,CHEMBL5748,"['B2RMT8', 'Q14022', 'Q5T2B1', 'Q92500', 'Q92798', 'Q92887', 'Q99663', 'Q9UMS2']",CHEMBL2366214,no_uni_id!,CHEMBL354,no_uni_id!,,,,,,
,,CHEMBL612653,no_uni_id!,CHEMBL1075518,no_uni_id!,CHEMBL350,no_uni_id!,,,,,,
,,CHEMBL1293278,"['B3KMM8', 'O75496', 'Q9H1Z1']",CHEMBL1075519,no_uni_id!,CHEMBL348,no_uni_id!,,,,,,
,,CHEMBL3201,"['A4D130', 'P35869', 'Q13728', 'Q13803', 'Q13804']",CHEMBL1075520,no_uni_id!,CHEMBL614425,no_uni_id!,,,,,,
,,CHEMBL3251,"['A8K5Y5', 'B3KVE8', 'P19838', 'Q68D84', 'Q86V43', 'Q8N4X7', 'Q9NZC0']",CHEMBL1075521,no_uni_id!,CHEMBL366,no_uni_id!,,,,,,
,,CHEMBL1825,"['O43647', 'P01375', 'Q9P1Q2', 'Q9UIV3']",CHEMBL1075522,no_uni_id!,CHEMBL365,no_uni_id!,,,,,,
,,CHEMBL1795085,"['A6NLD4', 'Q24JQ7', 'Q6ZQZ7', 'Q99493', 'Q99700']",CHEMBL1075524,no_uni_id!,CHEMBL614910,no_uni_id!,,,,,,
,,CHEMBL1784,"['P43220', 'Q2M229', 'Q99669']",CHEMBL2366171,no_uni_id!,CHEMBL613703,no_uni_id!,,,,,,
,,CHEMBL2146312,"['A1KYY9', 'Q14191']",CHEMBL1075525,no_uni_id!,CHEMBL4227,"['A8K3E2', 'P25090']",,,,,,
,,CHEMBL2157,"['B2R4L8', 'P10145', 'Q6FGF6', 'Q6LAE6', 'Q96RG6', 'Q9C077', 'Q9UCE1', 'Q9UCR8', 'Q9UCR9', 'Q9UCS0']",CHEMBL1075526,no_uni_id!,CHEMBL4296457,no_uni_id!,,,,,,
,,CHEMBL1741186,"['P51449', 'Q5SZR9', 'Q8N5V7', 'Q8NCY8']",CHEMBL2366346,no_uni_id!,CHEMBL614724,no_uni_id!,,,,,,
,,CHEMBL1293191,"['B4DTW5', 'B4E0T4', 'P11308', 'Q16113', 'Q6XXX4', 'Q6XXX5', 'Q8IXK9']",CHEMBL614348,no_uni_id!,CHEMBL4303835,no_uni_id!,,,,,,
,,CHEMBL614245,no_uni_id!,CHEMBL1075527,no_uni_id!,CHEMBL2366320,no_uni_id!,,,,,,
,,CHEMBL612881,no_uni_id!,CHEMBL1075528,no_uni_id!,CHEMBL615023,no_uni_id!,,,,,,
,,CHEMBL4078,['O42275'],CHEMBL1075529,no_uni_id!,CHEMBL613838,no_uni_id!,,,,,,
,,CHEMBL5763,['P81908'],CHEMBL1075530,no_uni_id!,CHEMBL1862,"['A3KFJ3', 'P00519', 'Q13869', 'Q13870', 'Q16133', 'Q17R61', 'Q45F09']",,,,,,
,,CHEMBL2246,"['A8KAL8', 'D3DQ04', 'P14550', 'Q6IAZ4']",CHEMBL1075531,no_uni_id!,CHEMBL1163125,"['O60433', 'O60885', 'Q4G0X8', 'Q86YS8', 'Q96PD3']",,,,,,
,,CHEMBL5586,"['B2RBZ7', 'B4DFK7', 'P16152', 'Q3LHW8']",CHEMBL1075532,no_uni_id!,CHEMBL3132741,"['B4DEZ6', 'P55201', 'Q7Z6E0', 'Q8TCM6', 'Q9UHI0']",,,,,,
,,CHEMBL614720,no_uni_id!,CHEMBL2366365,no_uni_id!,CHEMBL301,"['A8K7C6', 'O75100', 'P24941']",,,,,,
,,CHEMBL614925,no_uni_id!,CHEMBL1075533,no_uni_id!,CHEMBL2828,"['A2I2P2', 'P48730', 'Q96KZ6', 'Q9BTN5']",,,,,,
,,CHEMBL2362976,"['A8K7R8', 'D3DV46', 'P26447', 'Q6ICP8']",CHEMBL2366160,no_uni_id!,CHEMBL2742,"['D3DVP9', 'D3DVQ0', 'P22607', 'Q14308', 'Q16294', 'Q16608', 'Q59FL9']",,,,,,
,,CHEMBL6152,"['A8K2A4', 'P37840', 'Q13701', 'Q4JHI3', 'Q6IAU6']",CHEMBL1075534,no_uni_id!,CHEMBL262,"['D3DN89', 'P49841', 'Q9BWH3', 'Q9UL47']",,,,,,
,,CHEMBL2362980,"['Q06710', 'Q09155', 'Q16337', 'Q16338', 'Q16339', 'Q4ZG35', 'Q96J49']",CHEMBL1075536,no_uni_id!,CHEMBL4722,"['E1P5F9', 'O14965', 'O60445', 'O75873', 'Q9BQD6', 'Q9UPG5']",,,,,,
,,CHEMBL2007625,"['O75874', 'Q567U4', 'Q6FHQ6', 'Q7Z3V0', 'Q93090', 'Q9NTJ9', 'Q9UKW8']",CHEMBL614740,no_uni_id!,CHEMBL3108638,"['A4D1R7', 'A4D1R8', 'O15164', 'O95854']",,,,,,
,,CHEMBL2029198,"['B2R7R3', 'B7Z283', 'B7Z3T6', 'B7Z912', 'O95636', 'Q8IXK6', 'Q8TAA4', 'Q8WZA2']",CHEMBL2366197,no_uni_id!,CHEMBL4523872,"['Q5KU15', 'Q5T5Z9', 'Q5T600', 'Q5T601', 'Q86SM1', 'Q8IXE3', 'Q8IZF8', 'Q96DQ1', 'Q9H615']",,,,,,
,,CHEMBL5542,"['Q7L8E3', 'Q96BC4', 'Q9BX13', 'Q9Y253']",CHEMBL1075537,no_uni_id!,CHEMBL227,"['P30556', 'Q13725', 'Q8TBK4']",,,,,,
,,CHEMBL3359,"['P21462', 'Q14939', 'Q7Z6A4', 'Q86U52', 'Q9NS48']",CHEMBL1075538,no_uni_id!,CHEMBL1628481,['P35414'],,,,,,
,,CHEMBL3024,"['P53350', 'Q15153', 'Q99746']",CHEMBL1075539,no_uni_id!,CHEMBL2373,['P21730'],,,,,,
,,CHEMBL612546,no_uni_id!,CHEMBL1075540,no_uni_id!,CHEMBL4843,"['A0N0N6', 'B2R5Z4', 'J3KP17', 'P49238']",,,,,,
,,CHEMBL5027,['P39748'],CHEMBL1075541,no_uni_id!,CHEMBL5339,"['Q495H1', 'Q5NUL3', 'Q5VY25', 'Q5VY26', 'Q7Z605', 'Q86SM7']",,,,,,
,,CHEMBL351,no_uni_id!,CHEMBL614733,no_uni_id!,CHEMBL1784,"['P43220', 'Q2M229', 'Q99669']",,,,,,
,,CHEMBL614342,no_uni_id!,CHEMBL614135,no_uni_id!,CHEMBL5652,"['Q495H7', 'Q4VBN3', 'Q8TDV5']",,,,,,
,,CHEMBL614895,no_uni_id!,CHEMBL1075542,no_uni_id!,CHEMBL1293267,"['J3KR30', 'O43495', 'Q17R58', 'Q4VBN5', 'Q4ZFV2', 'Q6FHI8', 'Q86UH4', 'Q9HC97']",,,,,,
,,CHEMBL2364672,"['P00575', 'P00576', 'P0A8V2', 'P78242', 'Q2M8S3']",CHEMBL612440,no_uni_id!,CHEMBL4333,"['D3DT66', 'P21453', 'Q9BYY4', 'Q9NYN8']",,,,,,
,,CHEMBL613577,no_uni_id!,CHEMBL2366332,no_uni_id!,,,,,,,,
,,CHEMBL3714706,"['A2AI58', 'Q8C7S7', 'Q8CE54', 'Q921Y5', 'Q923J1', 'Q925B2', 'Q9CUT2', 'Q9JLQ1']",CHEMBL614099,no_uni_id!,,,,,,,,
,,CHEMBL612893,no_uni_id!,CHEMBL2366102,no_uni_id!,,,,,,,,
,,CHEMBL614324,no_uni_id!,CHEMBL612256,no_uni_id!,,,,,,,,
,,CHEMBL614144,no_uni_id!,CHEMBL612540,no_uni_id!,,,,,,,,
,,CHEMBL4303835,no_uni_id!,CHEMBL1075543,no_uni_id!,,,,,,,,
,,CHEMBL4303840,no_uni_id!,CHEMBL1075544,no_uni_id!,,,,,,,,
,,CHEMBL614247,no_uni_id!,CHEMBL614805,no_uni_id!,,,,,,,,
,,CHEMBL612589,no_uni_id!,CHEMBL2366105,no_uni_id!,,,,,,,,
,,CHEMBL4513123,no_uni_id!,CHEMBL1075545,no_uni_id!,,,,,,,,
,,CHEMBL1075518,no_uni_id!,CHEMBL2366087,no_uni_id!,,,,,,,,
,,CHEMBL614348,no_uni_id!,CHEMBL1075546,no_uni_id!,,,,,,,,
,,CHEMBL613503,no_uni_id!,CHEMBL2366077,no_uni_id!,,,,,,,,
,,CHEMBL614139,no_uni_id!,CHEMBL614197,no_uni_id!,,,,,,,,
,,CHEMBL614527,no_uni_id!,CHEMBL614931,no_uni_id!,,,,,,,,
,,CHEMBL4523582,['P0DTD1'],CHEMBL614934,no_uni_id!,,,,,,,,
,,CHEMBL3194,"['P02766', 'Q549C7', 'Q6IB96', 'Q9UBZ6', 'Q9UCM9']",CHEMBL2366340,no_uni_id!,,,,,,,,
,,CHEMBL614321,no_uni_id!,CHEMBL2366263,no_uni_id!,,,,,,,,
,,,,CHEMBL2366133,no_uni_id!,,,,,,,,
,,,,CHEMBL2366349,no_uni_id!,,,,,,,,
,,,,CHEMBL2366198,no_uni_id!,,,,,,,,
,,,,CHEMBL2366141,no_uni_id!,,,,,,,,
,,,,CHEMBL614206,no_uni_id!,,,,,,,,
,,,,CHEMBL1075552,no_uni_id!,,,,,,,,
,,,,CHEMBL1075553,no_uni_id!,,,,,,,,
,,,,CHEMBL1075554,no_uni_id!,,,,,,,,
,,,,CHEMBL2366288,no_uni_id!,,,,,,,,
,,,,CHEMBL2366220,no_uni_id!,,,,,,,,
,,,,CHEMBL2366121,no_uni_id!,,,,,,,,
,,,,CHEMBL1075555,no_uni_id!,,,,,,,,
,,,,CHEMBL1075556,no_uni_id!,,,,,,,,
,,,,CHEMBL2366339,no_uni_id!,,,,,,,,
,,,,CHEMBL2366068,no_uni_id!,,,,,,,,
,,,,CHEMBL2366188,no_uni_id!,,,,,,,,
,,,,CHEMBL614213,no_uni_id!,,,,,,,,
,,,,CHEMBL614051,no_uni_id!,,,,,,,,
,,,,CHEMBL614214,no_uni_id!,,,,,,,,
,,,,CHEMBL612555,no_uni_id!,,,,,,,,
,,,,CHEMBL614660,no_uni_id!,,,,,,,,
,,,,CHEMBL2366165,no_uni_id!,,,,,,,,
,,,,CHEMBL614949,no_uni_id!,,,,,,,,
,,,,CHEMBL1075557,no_uni_id!,,,,,,,,
,,,,CHEMBL1075558,no_uni_id!,,,,,,,,
,,,,CHEMBL612583,no_uni_id!,,,,,,,,
,,,,CHEMBL1075560,no_uni_id!,,,,,,,,
,,,,CHEMBL614241,no_uni_id!,,,,,,,,
,,,,CHEMBL2366337,no_uni_id!,,,,,,,,
,,,,CHEMBL2366191,no_uni_id!,,,,,,,,
,,,,CHEMBL1075562,no_uni_id!,,,,,,,,
,,,,CHEMBL614144,no_uni_id!,,,,,,,,
,,,,CHEMBL1075563,no_uni_id!,,,,,,,,
,,,,CHEMBL2366078,no_uni_id!,,,,,,,,
,,,,CHEMBL2366350,no_uni_id!,,,,,,,,
,,,,CHEMBL614879,no_uni_id!,,,,,,,,
,,,,CHEMBL1075564,no_uni_id!,,,,,,,,
,,,,CHEMBL1075565,no_uni_id!,,,,,,,,
,,,,CHEMBL1075566,no_uni_id!,,,,,,,,
,,,,CHEMBL612447,no_uni_id!,,,,,,,,
,,,,CHEMBL614882,no_uni_id!,,,,,,,,
,,,,CHEMBL2366341,no_uni_id!,,,,,,,,
,,,,CHEMBL2366159,no_uni_id!,,,,,,,,
,,,,CHEMBL614145,no_uni_id!,,,,,,,,
,,,,CHEMBL1075567,no_uni_id!,,,,,,,,
,,,,CHEMBL614886,no_uni_id!,,,,,,,,
,,,,CHEMBL2366170,no_uni_id!,,,,,,,,
,,,,CHEMBL1075568,no_uni_id!,,,,,,,,
,,,,CHEMBL1075569,no_uni_id!,,,,,,,,
,,,,CHEMBL2366327,no_uni_id!,,,,,,,,
,,,,CHEMBL614896,no_uni_id!,,,,,,,,
,,,,CHEMBL614899,no_uni_id!,,,,,,,,
,,,,CHEMBL614901,no_uni_id!,,,,,,,,
,,,,CHEMBL1075570,no_uni_id!,,,,,,,,
,,,,CHEMBL1075571,no_uni_id!,,,,,,,,
,,,,CHEMBL1075573,no_uni_id!,,,,,,,,
,,,,CHEMBL614905,no_uni_id!,,,,,,,,
,,,,CHEMBL614908,no_uni_id!,,,,,,,,
,,,,CHEMBL614860,no_uni_id!,,,,,,,,
,,,,CHEMBL2366309,no_uni_id!,,,,,,,,
,,,,CHEMBL612569,no_uni_id!,,,,,,,,
,,,,CHEMBL1075575,no_uni_id!,,,,,,,,
,,,,CHEMBL2366298,no_uni_id!,,,,,,,,
,,,,CHEMBL614912,no_uni_id!,,,,,,,,
,,,,CHEMBL2366096,no_uni_id!,,,,,,,,
,,,,CHEMBL614913,no_uni_id!,,,,,,,,
,,,,CHEMBL614916,no_uni_id!,,,,,,,,
,,,,CHEMBL614917,no_uni_id!,,,,,,,,
,,,,CHEMBL2366314,no_uni_id!,,,,,,,,
,,,,CHEMBL614920,no_uni_id!,,,,,,,,
,,,,CHEMBL1075577,no_uni_id!,,,,,,,,
,,,,CHEMBL614923,no_uni_id!,,,,,,,,
,,,,CHEMBL1075578,no_uni_id!,,,,,,,,
,,,,CHEMBL1075579,no_uni_id!,,,,,,,,
,,,,CHEMBL2366120,no_uni_id!,,,,,,,,
,,,,CHEMBL1075580,no_uni_id!,,,,,,,,
,,,,CHEMBL614925,no_uni_id!,,,,,,,,
,,,,CHEMBL2366108,no_uni_id!,,,,,,,,
,,,,CHEMBL2366316,no_uni_id!,,,,,,,,
,,,,CHEMBL1075581,no_uni_id!,,,,,,,,
,,,,CHEMBL614054,no_uni_id!,,,,,,,,
,,,,CHEMBL614451,no_uni_id!,,,,,,,,
,,,,CHEMBL1075583,no_uni_id!,,,,,,,,
,,,,CHEMBL1075584,no_uni_id!,,,,,,,,
,,,,CHEMBL1075585,no_uni_id!,,,,,,,,
,,,,CHEMBL2366279,no_uni_id!,,,,,,,,
,,,,CHEMBL614243,no_uni_id!,,,,,,,,
,,,,CHEMBL614942,no_uni_id!,,,,,,,,
,,,,CHEMBL1075587,no_uni_id!,,,,,,,,
,,,,CHEMBL1075588,no_uni_id!,,,,,,,,
,,,,CHEMBL1075589,no_uni_id!,,,,,,,,
,,,,CHEMBL1075590,no_uni_id!,,,,,,,,
,,,,CHEMBL1075591,no_uni_id!,,,,,,,,
,,,,CHEMBL1075592,no_uni_id!,,,,,,,,
,,,,CHEMBL1075593,no_uni_id!,,,,,,,,
,,,,CHEMBL2366143,no_uni_id!,,,,,,,,
,,,,CHEMBL1075594,no_uni_id!,,,,,,,,
,,,,CHEMBL1075595,no_uni_id!,,,,,,,,
,,,,CHEMBL1075596,no_uni_id!,,,,,,,,
,,,,CHEMBL2366302,no_uni_id!,,,,,,,,
,,,,CHEMBL1075597,no_uni_id!,,,,,,,,
,,,,CHEMBL1075598,no_uni_id!,,,,,,,,
,,,,CHEMBL614943,no_uni_id!,,,,,,,,
,,,,CHEMBL613530,no_uni_id!,,,,,,,,
,,,,CHEMBL2366238,no_uni_id!,,,,,,,,
,,,,CHEMBL612542,no_uni_id!,,,,,,,,
,,,,CHEMBL613531,no_uni_id!,,,,,,,,
,,,,CHEMBL614775,no_uni_id!,,,,,,,,
,,,,CHEMBL615010,no_uni_id!,,,,,,,,
,,,,CHEMBL2366092,no_uni_id!,,,,,,,,
,,,,CHEMBL612657,no_uni_id!,,,,,,,,
,,,,CHEMBL1075382,no_uni_id!,,,,,,,,
,,,,CHEMBL612565,no_uni_id!,,,,,,,,
,,,,CHEMBL1075383,no_uni_id!,,,,,,,,
,,,,CHEMBL1075384,no_uni_id!,,,,,,,,
,,,,CHEMBL2366253,no_uni_id!,,,,,,,,
,,,,CHEMBL1075385,no_uni_id!,,,,,,,,
,,,,CHEMBL613102,no_uni_id!,,,,,,,,
,,,,CHEMBL2366115,no_uni_id!,,,,,,,,
,,,,CHEMBL1075386,no_uni_id!,,,,,,,,
,,,,CHEMBL1075387,no_uni_id!,,,,,,,,
,,,,CHEMBL2366306,no_uni_id!,,,,,,,,
,,,,CHEMBL614512,no_uni_id!,,,,,,,,
,,,,CHEMBL614514,no_uni_id!,,,,,,,,
,,,,CHEMBL613503,no_uni_id!,,,,,,,,
,,,,CHEMBL614004,no_uni_id!,,,,,,,,
,,,,CHEMBL2366273,no_uni_id!,,,,,,,,
,,,,CHEMBL2366355,no_uni_id!,,,,,,,,
,,,,CHEMBL2366356,no_uni_id!,,,,,,,,
,,,,CHEMBL614515,no_uni_id!,,,,,,,,
,,,,CHEMBL614516,no_uni_id!,,,,,,,,
,,,,CHEMBL614517,no_uni_id!,,,,,,,,
,,,,CHEMBL614567,no_uni_id!,,,,,,,,
,,,,CHEMBL1075391,no_uni_id!,,,,,,,,
,,,,CHEMBL614519,no_uni_id!,,,,,,,,
,,,,CHEMBL2366195,no_uni_id!,,,,,,,,
,,,,CHEMBL613860,no_uni_id!,,,,,,,,
,,,,CHEMBL2366294,no_uni_id!,,,,,,,,
,,,,CHEMBL2366192,no_uni_id!,,,,,,,,
,,,,CHEMBL1075392,no_uni_id!,,,,,,,,
,,,,CHEMBL2366277,no_uni_id!,,,,,,,,
,,,,CHEMBL1075393,no_uni_id!,,,,,,,,
,,,,CHEMBL612588,no_uni_id!,,,,,,,,
,,,,CHEMBL2366271,no_uni_id!,,,,,,,,
,,,,CHEMBL2366295,no_uni_id!,,,,,,,,
,,,,CHEMBL2366247,no_uni_id!,,,,,,,,
,,,,CHEMBL1075394,no_uni_id!,,,,,,,,
,,,,CHEMBL2366303,no_uni_id!,,,,,,,,
,,,,CHEMBL1075395,no_uni_id!,,,,,,,,
,,,,CHEMBL1075396,no_uni_id!,,,,,,,,
,,,,CHEMBL1075397,no_uni_id!,,,,,,,,
,,,,CHEMBL1075398,no_uni_id!,,,,,,,,
,,,,CHEMBL1075399,no_uni_id!,,,,,,,,
,,,,CHEMBL2366131,no_uni_id!,,,,,,,,
,,,,CHEMBL613870,no_uni_id!,,,,,,,,
,,,,CHEMBL614529,no_uni_id!,,,,,,,,
,,,,CHEMBL614072,no_uni_id!,,,,,,,,
,,,,CHEMBL2366145,no_uni_id!,,,,,,,,
,,,,CHEMBL2366230,no_uni_id!,,,,,,,,
,,,,CHEMBL2366313,no_uni_id!,,,,,,,,
,,,,CHEMBL2366283,no_uni_id!,,,,,,,,
,,,,CHEMBL1075401,no_uni_id!,,,,,,,,
,,,,CHEMBL1075402,no_uni_id!,,,,,,,,
,,,,CHEMBL614533,no_uni_id!,,,,,,,,
,,,,CHEMBL1075405,no_uni_id!,,,,,,,,
,,,,CHEMBL1075406,no_uni_id!,,,,,,,,
,,,,CHEMBL1075408,no_uni_id!,,,,,,,,
,,,,CHEMBL1075409,no_uni_id!,,,,,,,,
,,,,CHEMBL1075410,no_uni_id!,,,,,,,,
,,,,CHEMBL1075411,no_uni_id!,,,,,,,,
,,,,CHEMBL1075412,no_uni_id!,,,,,,,,
,,,,CHEMBL1075413,no_uni_id!,,,,,,,,
,,,,CHEMBL1075414,no_uni_id!,,,,,,,,
,,,,CHEMBL1075415,no_uni_id!,,,,,,,,
,,,,CHEMBL2366308,no_uni_id!,,,,,,,,
,,,,CHEMBL2366166,no_uni_id!,,,,,,,,
,,,,CHEMBL2366278,no_uni_id!,,,,,,,,
,,,,CHEMBL2366245,no_uni_id!,,,,,,,,
,,,,CHEMBL2366144,no_uni_id!,,,,,,,,
,,,,CHEMBL2366182,no_uni_id!,,,,,,,,
,,,,CHEMBL2366147,no_uni_id!,,,,,,,,
,,,,CHEMBL2366374,no_uni_id!,,,,,,,,
,,,,CHEMBL2366089,no_uni_id!,,,,,,,,
,,,,CHEMBL2366093,no_uni_id!,,,,,,,,
,,,,CHEMBL2366158,no_uni_id!,,,,,,,,
,,,,CHEMBL614056,no_uni_id!,,,,,,,,
,,,,CHEMBL1075601,no_uni_id!,,,,,,,,
,,,,CHEMBL1075602,no_uni_id!,,,,,,,,
,,,,CHEMBL2366315,no_uni_id!,,,,,,,,
,,,,CHEMBL614247,no_uni_id!,,,,,,,,
,,,,CHEMBL614388,no_uni_id!,,,,,,,,
,,,,CHEMBL615022,no_uni_id!,,,,,,,,
,,,,CHEMBL612796,no_uni_id!,,,,,,,,
,,,,CHEMBL614610,no_uni_id!,,,,,,,,
,,,,CHEMBL1075605,no_uni_id!,,,,,,,,
,,,,CHEMBL612799,no_uni_id!,,,,,,,,
,,,,CHEMBL1075606,no_uni_id!,,,,,,,,
,,,,CHEMBL2366259,no_uni_id!,,,,,,,,
,,,,CHEMBL1075607,no_uni_id!,,,,,,,,
,,,,CHEMBL1075610,no_uni_id!,,,,,,,,
,,,,CHEMBL1075611,no_uni_id!,,,,,,,,
,,,,CHEMBL612815,no_uni_id!,,,,,,,,
,,,,CHEMBL2366164,no_uni_id!,,,,,,,,
,,,,CHEMBL1075612,no_uni_id!,,,,,,,,
,,,,CHEMBL1075613,no_uni_id!,,,,,,,,
,,,,CHEMBL2366071,no_uni_id!,,,,,,,,
,,,,CHEMBL2366326,no_uni_id!,,,,,,,,
,,,,CHEMBL1075416,no_uni_id!,,,,,,,,
,,,,CHEMBL614536,no_uni_id!,,,,,,,,
,,,,CHEMBL2366100,no_uni_id!,,,,,,,,
,,,,CHEMBL613506,no_uni_id!,,,,,,,,
,,,,CHEMBL2366300,no_uni_id!,,,,,,,,
,,,,CHEMBL1075422,no_uni_id!,,,,,,,,
,,,,CHEMBL1075423,no_uni_id!,,,,,,,,
,,,,CHEMBL2366265,no_uni_id!,,,,,,,,
,,,,CHEMBL2366215,no_uni_id!,,,,,,,,
,,,,CHEMBL1075425,no_uni_id!,,,,,,,,
,,,,CHEMBL1075426,no_uni_id!,,,,,,,,
,,,,CHEMBL1075427,no_uni_id!,,,,,,,,
,,,,CHEMBL2366176,no_uni_id!,,,,,,,,
,,,,CHEMBL1075428,no_uni_id!,,,,,,,,
,,,,CHEMBL1075429,no_uni_id!,,,,,,,,
,,,,CHEMBL2366224,no_uni_id!,,,,,,,,
,,,,CHEMBL1075430,no_uni_id!,,,,,,,,
,,,,CHEMBL2366275,no_uni_id!,,,,,,,,
,,,,CHEMBL1075431,no_uni_id!,,,,,,,,
,,,,CHEMBL613854,no_uni_id!,,,,,,,,
,,,,CHEMBL2366329,no_uni_id!,,,,,,,,
,,,,CHEMBL2366076,no_uni_id!,,,,,,,,
,,,,CHEMBL2366363,no_uni_id!,,,,,,,,
,,,,CHEMBL2366344,no_uni_id!,,,,,,,,
,,,,CHEMBL2366360,no_uni_id!,,,,,,,,
,,,,CHEMBL2366174,no_uni_id!,,,,,,,,
,,,,CHEMBL1075403,no_uni_id!,,,,,,,,
,,,,CHEMBL1075404,no_uni_id!,,,,,,,,
,,,,CHEMBL1075418,no_uni_id!,,,,,,,,
,,,,CHEMBL614534,no_uni_id!,,,,,,,,
,,,,CHEMBL614535,no_uni_id!,,,,,,,,
,,,,CHEMBL1075417,no_uni_id!,,,,,,,,
,,,,CHEMBL1075421,no_uni_id!,,,,,,,,
,,,,CHEMBL2366237,no_uni_id!,,,,,,,,
,,,,CHEMBL2366183,no_uni_id!,,,,,,,,
,,,,CHEMBL614476,no_uni_id!,,,,,,,,
,,,,CHEMBL2366113,no_uni_id!,,,,,,,,
,,,,CHEMBL2366161,no_uni_id!,,,,,,,,
,,,,CHEMBL2366134,no_uni_id!,,,,,,,,
,,,,CHEMBL2366343,no_uni_id!,,,,,,,,
,,,,CHEMBL2366208,no_uni_id!,,,,,,,,
,,,,CHEMBL2366336,no_uni_id!,,,,,,,,
,,,,CHEMBL2366331,no_uni_id!,,,,,,,,
,,,,CHEMBL614801,no_uni_id!,,,,,,,,
,,,,CHEMBL2366186,no_uni_id!,,,,,,,,
,,,,CHEMBL2366264,no_uni_id!,,,,,,,,
,,,,CHEMBL1075433,no_uni_id!,,,,,,,,
,,,,CHEMBL614642,no_uni_id!,,,,,,,,
,,,,CHEMBL614034,no_uni_id!,,,,,,,,
,,,,CHEMBL614286,no_uni_id!,,,,,,,,
,,,,CHEMBL2366181,no_uni_id!,,,,,,,,
,,,,CHEMBL1075435,no_uni_id!,,,,,,,,
,,,,CHEMBL2366079,no_uni_id!,,,,,,,,
,,,,CHEMBL613508,no_uni_id!,,,,,,,,
,,,,CHEMBL2366246,no_uni_id!,,,,,,,,
,,,,CHEMBL612519,no_uni_id!,,,,,,,,
,,,,CHEMBL1075432,no_uni_id!,,,,,,,,
,,,,CHEMBL1075436,no_uni_id!,,,,,,,,
,,,,CHEMBL2366240,no_uni_id!,,,,,,,,
,,,,CHEMBL2366117,no_uni_id!,,,,,,,,
,,,,CHEMBL1075439,no_uni_id!,,,,,,,,
,,,,CHEMBL1075440,no_uni_id!,,,,,,,,
,,,,CHEMBL1075441,no_uni_id!,,,,,,,,
,,,,CHEMBL1075442,no_uni_id!,,,,,,,,
,,,,CHEMBL614487,no_uni_id!,,,,,,,,
,,,,CHEMBL2366281,no_uni_id!,,,,,,,,
,,,,CHEMBL1075443,no_uni_id!,,,,,,,,
,,,,CHEMBL2366146,no_uni_id!,,,,,,,,
,,,,CHEMBL2366135,no_uni_id!,,,,,,,,
,,,,CHEMBL2366118,no_uni_id!,,,,,,,,
,,,,CHEMBL2366312,no_uni_id!,,,,,,,,
,,,,CHEMBL2366373,no_uni_id!,,,,,,,,
,,,,CHEMBL2366297,no_uni_id!,,,,,,,,
,,,,CHEMBL2366069,no_uni_id!,,,,,,,,
,,,,CHEMBL1075444,no_uni_id!,,,,,,,,
,,,,CHEMBL2366116,no_uni_id!,,,,,,,,
,,,,CHEMBL2366364,no_uni_id!,,,,,,,,
,,,,CHEMBL2366223,no_uni_id!,,,,,,,,
,,,,CHEMBL2366124,no_uni_id!,,,,,,,,
,,,,CHEMBL2366358,no_uni_id!,,,,,,,,
,,,,CHEMBL2366097,no_uni_id!,,,,,,,,
,,,,CHEMBL2366162,no_uni_id!,,,,,,,,
,,,,CHEMBL2366206,no_uni_id!,,,,,,,,
,,,,CHEMBL2366307,no_uni_id!,,,,,,,,
,,,,CHEMBL614489,no_uni_id!,,,,,,,,
,,,,CHEMBL612250,no_uni_id!,,,,,,,,
,,,,CHEMBL1075445,no_uni_id!,,,,,,,,
,,,,CHEMBL614036,no_uni_id!,,,,,,,,
,,,,CHEMBL1075446,no_uni_id!,,,,,,,,
,,,,CHEMBL2366301,no_uni_id!,,,,,,,,
,,,,CHEMBL1075447,no_uni_id!,,,,,,,,
,,,,CHEMBL2366292,no_uni_id!,,,,,,,,
,,,,CHEMBL2366234,no_uni_id!,,,,,,,,
,,,,CHEMBL1075448,no_uni_id!,,,,,,,,
,,,,CHEMBL2366272,no_uni_id!,,,,,,,,
,,,,CHEMBL2366074,no_uni_id!,,,,,,,,
,,,,CHEMBL1075449,no_uni_id!,,,,,,,,
,,,,CHEMBL2366179,no_uni_id!,,,,,,,,
,,,,CHEMBL1075450,no_uni_id!,,,,,,,,
,,,,CHEMBL2366111,no_uni_id!,,,,,,,,
,,,,CHEMBL2366148,no_uni_id!,,,,,,,,
,,,,CHEMBL1075451,no_uni_id!,,,,,,,,
,,,,CHEMBL1075452,no_uni_id!,,,,,,,,
,,,,CHEMBL614806,no_uni_id!,,,,,,,,
,,,,CHEMBL2366142,no_uni_id!,,,,,,,,
,,,,CHEMBL2366299,no_uni_id!,,,,,,,,
,,,,CHEMBL2366202,no_uni_id!,,,,,,,,
,,,,CHEMBL1075454,no_uni_id!,,,,,,,,
,,,,CHEMBL1075455,no_uni_id!,,,,,,,,
,,,,CHEMBL1075456,no_uni_id!,,,,,,,,
,,,,CHEMBL1075457,no_uni_id!,,,,,,,,
,,,,CHEMBL1075458,no_uni_id!,,,,,,,,
,,,,CHEMBL1075459,no_uni_id!,,,,,,,,
,,,,CHEMBL2366221,no_uni_id!,,,,,,,,
,,,,CHEMBL613855,no_uni_id!,,,,,,,,
,,,,CHEMBL1075460,no_uni_id!,,,,,,,,
,,,,CHEMBL1075461,no_uni_id!,,,,,,,,
,,,,CHEMBL2366207,no_uni_id!,,,,,,,,
,,,,CHEMBL2366139,no_uni_id!,,,,,,,,
,,,,CHEMBL612263,no_uni_id!,,,,,,,,
,,,,CHEMBL2366322,no_uni_id!,,,,,,,,
,,,,CHEMBL2366231,no_uni_id!,,,,,,,,
,,,,CHEMBL1075462,no_uni_id!,,,,,,,,
,,,,CHEMBL613888,no_uni_id!,,,,,,,,
,,,,CHEMBL1075463,no_uni_id!,,,,,,,,
,,,,CHEMBL2366310,no_uni_id!,,,,,,,,
,,,,CHEMBL1075464,no_uni_id!,,,,,,,,
,,,,CHEMBL614826,no_uni_id!,,,,,,,,
,,,,CHEMBL1075465,no_uni_id!,,,,,,,,
,,,,CHEMBL1075466,no_uni_id!,,,,,,,,
,,,,CHEMBL614643,no_uni_id!,,,,,,,,
,,,,CHEMBL613889,no_uni_id!,,,,,,,,
,,,,CHEMBL1075467,no_uni_id!,,,,,,,,
,,,,CHEMBL1075468,no_uni_id!,,,,,,,,
,,,,CHEMBL612279,no_uni_id!,,,,,,,,
,,,,CHEMBL1075469,no_uni_id!,,,,,,,,
,,,,CHEMBL2366130,no_uni_id!,,,,,,,,
,,,,CHEMBL614836,no_uni_id!,,,,,,,,
,,,,CHEMBL612258,no_uni_id!,,,,,,,,
,,,,CHEMBL2366291,no_uni_id!,,,,,,,,
,,,,CHEMBL1075470,no_uni_id!,,,,,,,,
,,,,CHEMBL1075471,no_uni_id!,,,,,,,,
,,,,CHEMBL1075472,no_uni_id!,,,,,,,,
,,,,CHEMBL614582,no_uni_id!,,,,,,,,
,,,,CHEMBL614645,no_uni_id!,,,,,,,,
,,,,CHEMBL614581,no_uni_id!,,,,,,,,
,,,,CHEMBL614039,no_uni_id!,,,,,,,,
,,,,CHEMBL1075475,no_uni_id!,,,,,,,,
,,,,CHEMBL1075476,no_uni_id!,,,,,,,,
,,,,CHEMBL1075477,no_uni_id!,,,,,,,,
,,,,CHEMBL1075478,no_uni_id!,,,,,,,,
,,,,CHEMBL2366366,no_uni_id!,,,,,,,,
,,,,CHEMBL1075479,no_uni_id!,,,,,,,,
,,,,CHEMBL613984,no_uni_id!,,,,,,,,
,,,,CHEMBL2366094,no_uni_id!,,,,,,,,
,,,,CHEMBL2366194,no_uni_id!,,,,,,,,
,,,,CHEMBL2366104,no_uni_id!,,,,,,,,
,,,,CHEMBL2366219,no_uni_id!,,,,,,,,
,,,,CHEMBL614586,no_uni_id!,,,,,,,,
,,,,CHEMBL614587,no_uni_id!,,,,,,,,
,,,,CHEMBL2366348,no_uni_id!,,,,,,,,
,,,,CHEMBL2366359,no_uni_id!,,,,,,,,
,,,,CHEMBL2366372,no_uni_id!,,,,,,,,
,,,,CHEMBL2366152,no_uni_id!,,,,,,,,
,,,,CHEMBL2366155,no_uni_id!,,,,,,,,
,,,,CHEMBL2366156,no_uni_id!,,,,,,,,
,,,,CHEMBL2366305,no_uni_id!,,,,,,,,
,,,,CHEMBL613988,no_uni_id!,,,,,,,,
,,,,CHEMBL2366287,no_uni_id!,,,,,,,,
,,,,CHEMBL612264,no_uni_id!,,,,,,,,
,,,,CHEMBL2366154,no_uni_id!,,,,,,,,
,,,,CHEMBL2366229,no_uni_id!,,,,,,,,
,,,,CHEMBL2366239,no_uni_id!,,,,,,,,
,,,,CHEMBL2366250,no_uni_id!,,,,,,,,
,,,,CHEMBL614709,no_uni_id!,,,,,,,,
,,,,CHEMBL2366347,no_uni_id!,,,,,,,,
,,,,CHEMBL2366261,no_uni_id!,,,,,,,,
,,,,CHEMBL2366244,no_uni_id!,,,,,,,,
,,,,CHEMBL2366203,no_uni_id!,,,,,,,,
,,,,CHEMBL1075481,no_uni_id!,,,,,,,,
,,,,CHEMBL1075482,no_uni_id!,,,,,,,,
,,,,CHEMBL2366280,no_uni_id!,,,,,,,,
,,,,CHEMBL2366065,no_uni_id!,,,,,,,,
,,,,CHEMBL2366228,no_uni_id!,,,,,,,,
,,,,CHEMBL1075483,no_uni_id!,,,,,,,,
,,,,CHEMBL613997,no_uni_id!,,,,,,,,
,,,,CHEMBL2366119,no_uni_id!,,,,,,,,
,,,,CHEMBL2366190,no_uni_id!,,,,,,,,
,,,,CHEMBL1075484,no_uni_id!,,,,,,,,
,,,,CHEMBL613998,no_uni_id!,,,,,,,,
,,,,CHEMBL1075485,no_uni_id!,,,,,,,,
,,,,CHEMBL1075486,no_uni_id!,,,,,,,,
,,,,CHEMBL1075487,no_uni_id!,,,,,,,,
,,,,CHEMBL1075488,no_uni_id!,,,,,,,,
,,,,CHEMBL613868,no_uni_id!,,,,,,,,
,,,,CHEMBL612701,no_uni_id!,,,,,,,,
,,,,CHEMBL614012,no_uni_id!,,,,,,,,
,,,,CHEMBL2366267,no_uni_id!,,,,,,,,
,,,,CHEMBL2366233,no_uni_id!,,,,,,,,
,,,,CHEMBL2366090,no_uni_id!,,,,,,,,
,,,,CHEMBL2366123,no_uni_id!,,,,,,,,
,,,,CHEMBL2366136,no_uni_id!,,,,,,,,
,,,,CHEMBL2366330,no_uni_id!,,,,,,,,
,,,,CHEMBL2366335,no_uni_id!,,,,,,,,
,,,,CHEMBL2366296,no_uni_id!,,,,,,,,
,,,,CHEMBL2366099,no_uni_id!,,,,,,,,
,,,,CHEMBL2366222,no_uni_id!,,,,,,,,
,,,,CHEMBL2366260,no_uni_id!,,,,,,,,
,,,,CHEMBL614066,no_uni_id!,,,,,,,,
,,,,CHEMBL1075489,no_uni_id!,,,,,,,,
,,,,CHEMBL1075490,no_uni_id!,,,,,,,,
,,,,CHEMBL1075491,no_uni_id!,,,,,,,,
,,,,CHEMBL2366172,no_uni_id!,,,,,,,,
,,,,CHEMBL614096,no_uni_id!,,,,,,,,
,,,,CHEMBL2366072,no_uni_id!,,,,,,,,
,,,,CHEMBL2366334,no_uni_id!,,,,,,,,
,,,,CHEMBL2366189,no_uni_id!,,,,,,,,
,,,,CHEMBL2366311,no_uni_id!,,,,,,,,
,,,,CHEMBL2366236,no_uni_id!,,,,,,,,
,,,,CHEMBL1075492,no_uni_id!,,,,,,,,
,,,,CHEMBL2366248,no_uni_id!,,,,,,,,
,,,,CHEMBL614694,no_uni_id!,,,,,,,,
,,,,CHEMBL1075493,no_uni_id!,,,,,,,,
,,,,CHEMBL614107,no_uni_id!,,,,,,,,
,,,,CHEMBL614721,no_uni_id!,,,,,,,,
,,,,CHEMBL1075494,no_uni_id!,,,,,,,,
,,,,CHEMBL614317,no_uni_id!,,,,,,,,
,,,,CHEMBL1075495,no_uni_id!,,,,,,,,
,,,,CHEMBL2366256,no_uni_id!,,,,,,,,
,,,,CHEMBL1075496,no_uni_id!,,,,,,,,
,,,,CHEMBL1075497,no_uni_id!,,,,,,,,
,,,,CHEMBL400,no_uni_id!,,,,,,,,
,,,,CHEMBL614129,no_uni_id!,,,,,,,,
,,,,CHEMBL1075498,no_uni_id!,,,,,,,,
,,,,CHEMBL614334,no_uni_id!,,,,,,,,
,,,,CHEMBL1075499,no_uni_id!,,,,,,,,
,,,,CHEMBL2366084,no_uni_id!,,,,,,,,
,,,,CHEMBL1075500,no_uni_id!,,,,,,,,
,,,,CHEMBL1075501,no_uni_id!,,,,,,,,
,,,,CHEMBL1075502,no_uni_id!,,,,,,,,
,,,,CHEMBL2366262,no_uni_id!,,,,,,,,
,,,,CHEMBL1075504,no_uni_id!,,,,,,,,
,,,,CHEMBL1075505,no_uni_id!,,,,,,,,
,,,,CHEMBL2366185,no_uni_id!,,,,,,,,
,,,,CHEMBL2366127,no_uni_id!,,,,,,,,
,,,,CHEMBL614725,no_uni_id!,,,,,,,,
,,,,CHEMBL614352,no_uni_id!,,,,,,,,
,,,,CHEMBL614355,no_uni_id!,,,,,,,,
,,,,CHEMBL614356,no_uni_id!,,,,,,,,
,,,,CHEMBL2366211,no_uni_id!,,,,,,,,
,,,,CHEMBL2366196,no_uni_id!,,,,,,,,
,,,,CHEMBL2366070,no_uni_id!,,,,,,,,
,,,,CHEMBL2366103,no_uni_id!,,,,,,,,
,,,,CHEMBL2366362,no_uni_id!,,,,,,,,
,,,,CHEMBL2366357,no_uni_id!,,,,,,,,
,,,,CHEMBL2366125,no_uni_id!,,,,,,,,
,,,,CHEMBL1075509,no_uni_id!,,,,,,,,
,,,,CHEMBL2366204,no_uni_id!,,,,,,,,
,,,,CHEMBL2366226,no_uni_id!,,,,,,,,
,,,,CHEMBL2366138,no_uni_id!,,,,,,,,
,,,,CHEMBL613300,no_uni_id!,,,,,,,,
,,,,CHEMBL2366243,no_uni_id!,,,,,,,,
,,,,CHEMBL2366285,no_uni_id!,,,,,,,,
,,,,CHEMBL2366225,no_uni_id!,,,,,,,,
,,,,CHEMBL2366212,no_uni_id!,,,,,,,,
,,,,CHEMBL2366064,no_uni_id!,,,,,,,,
,,,,CHEMBL2366328,no_uni_id!,,,,,,,,
,,,,CHEMBL2366318,no_uni_id!,,,,,,,,
,,,,CHEMBL1075510,no_uni_id!,,,,,,,,
,,,,CHEMBL2366345,no_uni_id!,,,,,,,,
,,,,CHEMBL2366150,no_uni_id!,,,,,,,,
,,,,CHEMBL1075512,no_uni_id!,,,,,,,,
,,,,CHEMBL2366351,no_uni_id!,,,,,,,,
,,,,CHEMBL2366073,no_uni_id!,,,,,,,,
,,,,CHEMBL612255,no_uni_id!,,,,,,,,
,,,,CHEMBL2366266,no_uni_id!,,,,,,,,
,,,,CHEMBL2366227,no_uni_id!,,,,,,,,
,,,,CHEMBL2366201,no_uni_id!,,,,,,,,
,,,,CHEMBL1075513,no_uni_id!,,,,,,,,
,,,,CHEMBL2150835,"['A0A0G2RM45', 'Q5NGQ3']",,,,,,,,
,,,,CHEMBL1697668,"['B2R7G2', 'Q29R64', 'Q9NQ37', 'Q9UBF3', 'Q9UH89', 'Q9Y6L6']",,,,,,,,
,,,,CHEMBL1743121,"['E7EMT8', 'Q5JAR4', 'Q9NPD5']",,,,,,,,
,,,,CHEMBL1795087,"['A0PJ95', 'D3DQ57', 'O94782', 'Q05BX7', 'Q59H66', 'Q9UFR0', 'Q9UNJ3']",,,,,,,,
,,,,CHEMBL613133,no_uni_id!,,,,,,,,
,,,,CHEMBL613739,no_uni_id!,,,,,,,,
,,,,CHEMBL2367034,no_uni_id!,,,,,,,,
,,,,CHEMBL613165,no_uni_id!,,,,,,,,
,,,,CHEMBL376,no_uni_id!,,,,,,,,
,,,,CHEMBL2447,"['B2R8V6', 'P27707', 'Q5TZY7', 'Q6FI11']",,,,,,,,
,,,,CHEMBL614508,no_uni_id!,,,,,,,,
,,,,CHEMBL612893,no_uni_id!,,,,,,,,
,,,,CHEMBL6020,"['O95342', 'Q53TL2', 'Q9UNB2']",,,,,,,,
,,,,CHEMBL5748,"['B2RMT8', 'Q14022', 'Q5T2B1', 'Q92500', 'Q92798', 'Q92887', 'Q99663', 'Q9UMS2']",,,,,,,,
,,,,CHEMBL5918,"['B2RPA9', 'D3DTX9', 'O15438', 'O60265', 'O60922', 'O75621', 'O95078', 'O95289', 'O95290', 'Q86X85', 'Q9UN52']",,,,,,,,
,,,,CHEMBL1743128,"['A9Z1Z7', 'B7Z3Q7', 'O15439', 'Q8IVZ4', 'Q8IZN6', 'Q8NEW8', 'Q9Y6J2']",,,,,,,,
,,,,CHEMBL4296515,no_uni_id!,,,,,,,,
,,,,CHEMBL613831,no_uni_id!,,,,,,,,
,,,,CHEMBL4296457,no_uni_id!,,,,,,,,
,,,,CHEMBL5023,"['A6NL51', 'A8K2S6', 'Q00987', 'Q13226', 'Q13297', 'Q13298', 'Q13299', 'Q13300', 'Q13301', 'Q53XW0', 'Q71TW9', 'Q8WYJ1', 'Q8WYJ2', 'Q9UGI3', 'Q9UMT8']",,,,,,,,
,,,,CHEMBL4296446,no_uni_id!,,,,,,,,
,,,,CHEMBL2366800,no_uni_id!,,,,,,,,
,,,,CHEMBL350,no_uni_id!,,,,,,,,
,,,,CHEMBL348,no_uni_id!,,,,,,,,
,,,,CHEMBL614425,no_uni_id!,,,,,,,,
,,,,CHEMBL366,no_uni_id!,,,,,,,,
,,,,CHEMBL365,no_uni_id!,,,,,,,,
,,,,CHEMBL4303835,no_uni_id!,,,,,,,,
,,,,CHEMBL614200,no_uni_id!,,,,,,,,
,,,,CHEMBL4483276,no_uni_id!,,,,,,,,
,,,,CHEMBL614245,no_uni_id!,,,,,,,,
,,,,CHEMBL4296479,no_uni_id!,,,,,,,,
,,,,CHEMBL2366251,no_uni_id!,,,,,,,,
,,,,CHEMBL4523507,"['B4E2A5', 'E1P5V2', 'Q5JXG8', 'Q8N491', 'Q9H004', 'Q9H005', 'Q9H3U9', 'Q9Y3Z3']",,,,,,,,
,,,,CHEMBL3706572,no_uni_id!,,,,,,,,
,,,,CHEMBL4523582,['P0DTD1'],,,,,,,,
,,,,CHEMBL613834,no_uni_id!,,,,,,,,
,,,,CHEMBL614391,no_uni_id!,,,,,,,,
